text,claim_EN,label,vaccine_type,is_covid,source,url
вакцин хийлгээгүй хүмүүс COVID-19-ийн улмаас нас барах тохиолдол нь бүүстер тун хийлгэсэн хүмүүсийнхээс 10 дахин их байсныг тус улсын Халдварт өвчин судлалын төв мэдээлжээ., unvaccinated people were about 10 times more likely to die from COVID-19 than those who had received a booster.,0,COVID,1,FactCheck.mn,https://factcheck.mn/post/6214
"ХПВ-ийн эсрэг вакцин нь хүний папиллома вирусээр үүсгэгддэг толгой хүзүү, ам залгиур, үтрээ, умайн хүзүү, шодой, хошного зэрэг олон хортой болон хоргүй хавдраас сэргийлдэг.","The HPV vaccine prevents many malignant and benign tumours caused by human papillomavirus, including head and neck, oropharyngeal, vaginal, cervical, penile and anal cancers.",0,HPV,0,NCCD (ХӨСҮТ),https://www.nccd.gov.mn/v/237ea7ga
Эмнэлзүйн хувьд эмзэг бүлгийн хүүхдүүдийг COVID-19-ийн вакцинжуулалтад хамруулахыг чухалчилсан тул вакцин хийлгээгүй хүүхдүүдийн нас баралтын түвшин илүү өндөр байна гэдгийг Английн ҮСХ-ны хэвлэлийн төлөөлөгч тайлбарлажээ. ,"An England public health spokesperson explained that because it was prioritised to vaccinate clinically vulnerable children against COVID-19, the mortality rate among unvaccinated children is higher.",0,COVID,1,FactCheck.mn,https://factcheck.mn/post/6088
Хүүхдүүд коронагаас биш вакцинаас болж үхэх нь 50 дахин их,Children are 50 times more likely to die from the vaccine than from corona.,1,COVID,1,FactCheck.mn,https://factcheck.mn/post/4692
"Гардасил вакцины найрлагад орсон хөхөнцөр вирус нь тархины судасны хоригийг нэвтэрдэг бөгөөд өөрийнх нь төрөлх дархлаа буруу ажиллаж, тархины эд, тархины судасны ханыг гэмтээдэг бөгөөд саажилт үүсгэдэг, амь насанд аюул учруулдаг болохыг олон улсын судалгааны баримтууд байна. Эм тариа бол тархины хоригийг нэвтэрдэггүй. Тархины хориг гэдэг нь тухайн бие эрхтэнд орж ирсэн гаднын биетүүдийг дархлааны эсүүдээрээ дамжуулан хянаж байдаг.","The papillomavirus in the Gardasil vaccine crosses the blood-brain barrier, and one's own innate immunity malfunctions, damaging brain tissue and the walls of brain vessels, causing paralysis and endangering life — there is international research proof. Medicine does not cross the blood-brain barrier.",1,HPV,0,FactCheck.mn,https://factcheck.mn/post/8878
"Вакцины найрлагад абортны хүүхдийн материал ашигласан байгаа. Яагаад гэвэл тухайн эсийг таниулахын тулд. Тэгэхээр хүний папилломавирусийн эсрэг гэхээр, Папиллома вирусийг абортноос авдаг байхгүй юу. Тэрийг нь вакцины найрлага дээр Л-1 уураг гээд бичсэн байдаг","The vaccine contains material from aborted babies. This is to identify the cell. So for the anti-HPV one, the papillomavirus is taken from an abortion. It is written as L-1 protein in the vaccine composition",1,HPV,0,FactCheck.mn,
Улаан бурхны вакцин хийлгэсэн хүн өөрөө өвдөхгүй ч бусдад халдвар тараадаг,A person who has had the measles vaccine does not get sick themselves but spreads the infection to others.,1,measles,0,MFCC,https://mfcc.mn/factcheck-1469/
"«Турбо хавдар» гэх батлагдсан нэр томьёо байдаггүй, энэ нь вакцин эсэргүүцэгчдийн зохиосон нэршил бөгөөд ковидын вакцин эсийн ДНХ-тэй нэгддэггүй тул хавдар үүсгэх боломжгүй.","There is no established term 'turbo cancer'; it is a name invented by anti-vaxxers, and since the COVID vaccine does not integrate with cell DNA it cannot cause cancer",0,COVID,1,MFCC,https://mfcc.mn/factcheck-1555/
"Ковидын эсрэг вакцин идэвхтэй, жинхэнэ вирус ашигладаггүй бөгөөд mRNA нь эсийн цөмд ордоггүй; UNICEF хөхүүл хүүхдэд учруулах эрсдэл бага гэдгийг хүлээн зөвшөөрсөн.","The COVID vaccine does not use active, live virus and mRNA does not enter the cell nucleus; UNICEF acknowledges the risk to breastfeeding infants is low",0,COVID,1,MFCC,https://mfcc.mn/factcheck-59/
"Гардасил вакцин нь амьд болон идэвхжүүлсэн вирус агуулдаггүй тул вакцинаас үүдэж халдвар авах, эсвэл өвчлөх үндэслэлгүй.","The Gardasil vaccine contains no live or inactivated virus, so it cannot cause infection or illness.",0,HPV,0,FactCheck.mn,https://factcheck.mn/post/8878
"Гардасил вакцин нь саажилт, эсвэл Гийена Барре хам шинж буюу булчин сулрах зэрэг өвчнийг үүсгэдэг гэсэн нотолгоо олоогүй.",No evidence has been found that the Gardasil vaccine causes paralysis or Guillain-Barré syndrome.,0,HPV,0,FactCheck.mn,https://factcheck.mn/post/8751
Гардасил вакцинд хүний ​​гаралтай эсийг ашигладаггүй.,The Gardasil vaccine does not use human-derived cells.,0,HPV,0,FactCheck.mn,https://factcheck.mn/post/8756
"АНУ-ын Өвчний хяналт, урьдчилан сэргийлэх төв (CDC), Эрүүл мэндийн яам болон Дархлаажуулалтын зөвлөх хороо (ACIP)-ны мэдэгдэлд нярайд хийдэг гепатит В-ийн вакцин аутизм үүсгэдэг гэсэн агуулга байхгүй.","Statements from the US CDC, the Ministry of Health and the ACIP contain nothing saying the hepatitis B vaccine given to newborns causes autism",0,hepatitis_B,0,MFCC,https://mfcc.mn/factcheck-1775/
Сүүлийн үеийн өргөн цар хүрээтэй хэд хэдэн судалгаагаар вакцин болон аутизмын хооронд ямар ч холбоо хамааралгүй болохыг харуулсан.,Several recent large-scale studies have shown there is no connection between vaccines and autism,0,hepatitis_B,0,MFCC,https://mfcc.mn/factcheck-1538/
"Үнэн гэвэл 3-аас дээш тун хийлгэсэн бол тэгээд хүний эсэргүүцлийн систем гэгч зүйл түй ч байхгүй болдог учир янз бүрийн өвчин, хавдар шууд тусч байгаа бөлгөө.","In truth, if you've had more than 3 doses your so-called immune resistance system ceases to exist, so various diseases and cancers strike directly",1,COVID,1,FactCheck.mn,https://factcheck.mn/post/6441
"ХПВ-ийн вакцин аюулгүй байдлын сайн үзүүлэлттэй бөгөөд том хэмжээний туршилт, судалгаагаар ноцтой аюулгүй байдлын асуудал илрээгүй.","HPV vaccines have a strong safety record, with no evidence of serious safety concerns in large trials and studies.",0,HPV,0,Cochrane,https://www.cochrane.org/about-us/news/new-research-confirms-hpv-vaccination-prevents-cervical-cancer
Хэд хэдэн вакциныг нэг зэрэг хийлгэх нь хүүхдийн дархлааны системийг дарамтлахгүй.,Receiving several vaccines at the same time does not overwhelm a child's immune system.,0,childhood,0,PAHO/WHO,https://www.paho.org/en/topics/immunization/debunking-immunization-myths
"дэлхийн өөр өөр улсад өөр өөр эрдэмтэд 1.8 сая хүүхдийг хамруулсан нийт 16 судалгаа, шинжилгээг хийхэд улаанбурхан өвчний вакцин аутизмын шалтгаан болдоггүйг олж тогтоожээ.","Across 16 studies by different scientists in different countries involving 1.8 million children, it was established that the measles vaccine does not cause autism.",0,measles,0,iToim.mn,https://itoim.mn/a/2025/09/23/health/uys
COVID-19-ийн вакцин нь хүүхдийн эндэгдлийг нэмэгдүүлдэг гэсэн нотолгоо байхгүй.,There is no evidence that the COVID-19 vaccine increases child mortality.,0,COVID,1,FactCheck.mn,https://factcheck.mn/post/6144
Англид 35-аас доош насны нэг ч хүн COVID-19-ийн эсрэг вакцин хийлгэсний улмаас нас бараагүй.,"In England, not a single person under the age of 35 died as a result of the COVID-19 vaccine.",0,COVID,1,FactCheck.mn,https://factcheck.mn/post/6088
Унаган дархлаа covid-ийн ямар ч вакцинаас илүү хамгаалж байгааг тогтоожээ,Natural immunity has been found to protect better than any COVID vaccine,1,COVID,1,FactCheck.mn,https://factcheck.mn/post/5212
Хүүхдэд КОВИД-19-ийн эсрэг вакцин ямар ч ашиггүй,The COVID-19 vaccine has no benefit for children.,1,COVID,1,FactCheck.mn,https://factcheck.mn/post/5801
"Элэгний В, С вирустэй болон чихрийн шижинтэй хүнд Синофарм компанийн вакцин хийхгүй",The Sinopharm vaccine is not given to people with hepatitis B or C or diabetes.,1,COVID,1,FactCheck.mn,https://factcheck.mn/post/4151
"Жирэмсэн эмэгтэйчүүд, бага насны хүүхдүүд, өндөр настан болон багтраа, зүрх судасны архаг өвчтэй хүмүүс томуугаар өвчлөх, нас барах өндөр эрсдэлтэй байдаг.","Pregnant women, young children, the elderly, and people with chronic conditions such as asthma or heart disease are at high risk of severe illness and death from influenza.",0,influenza,0,WHO Mongolia (ДЭМБ),https://www.who.int/mongolia/health-topics/vaccines
Ковидын вакцинд хүний эрүүл мэндэд хортой графен гэх материал агуулагддаг,"The COVID vaccine contains graphene, a material harmful to human health",1,COVID,1,MFCC,https://mfcc.mn/factcheck-907/
"ДЭМБ вакциныг олон нийтэд хэрэглэхээс өмнө эмнэл зүйн туршилтын хугацаанд аюулгүй, тодорхой үр дүн үзүүлсэн байхыг шаарддаг.",The WHO requires that a vaccine demonstrate safety and clear efficacy during clinical trials before public use,0,general,0,WHO Mongolia (ДЭМБ),https://www.who.int/mongolia/health-topics/vaccines
"Файзер вакцин нь ковидын эсрэг вакцин учир омикрон хувилбарт үйлчлэхгүй , саримстай сүү уусан нь илүү дээр",Since the Pfizer vaccine is a COVID vaccine it won't work against the Omicron variant; drinking milk with garlic is better,1,COVID,1,MFCC,https://mfcc.mn/blog-post-198-html-2/
Вакцин нь аюулгүй бөгөөд дархлаажуулалтын хуваарийн дагуу хугацаанд нь хийлгэхэд хамгийн үр дүнтэй байдаг.,Vaccines are safe and are most effective when given on time according to the immunisation schedule.,0,childhood,0,NSW Health (Mongolian),https://www.health.nsw.gov.au/immunisation/app/Pages/vaccinate-on-time-mongolian.aspx
"Вакцин нь үнэ төлбөргүй, мөн аюулгүй бөгөөд дархлаажуулалтын хуваарийн дагуу хугацаанд нь хийлгэхэд хамгийн үр дүнтэй байдаг.","Vaccines are free and safe, and are most effective when given on time according to the immunisation schedule",0,childhood,0,NSW Health (Mongolian),https://www.health.nsw.gov.au/immunisation/app/Pages/vaccinate-on-time-mongolian.aspx
Хүүхдүүдийн дунд тархсан гепатит КОВИД-19-ийн вакцинтай хамааралтай,The hepatitis spread among children is linked to the COVID-19 vaccine,1,COVID,1,FactCheck.mn,https://factcheck.mn/post/5792
ЭМЯ Файзер вакцины үйлдвэрээс гаргасан бүх зааврыг нь зөрчиж хүүхдэд ба жирэмсэн эхэд хийх гэж сурталчилж байна,"The Ministry of Health is promoting giving the Pfizer vaccine to children and pregnant mothers, violating all the manufacturer's instructions",1,COVID,1,MFCC,https://mfcc.mn/factcheck-78/
"АстраЗенека вакцин үхэлд хүргэх цусны бөөгнөрөл үүсгэдэг нь тогтоогдож, вакцинаа буцаан татсан",The AstraZeneca vaccine was found to cause fatal blood clots and was recalled,1,COVID,1,MFCC,https://mfcc.mn/factcheck-1266/
Европын парламент 06 дугаар сарын 23-нд коронавирусын эсрэг вакциныг биологийн зэвсэг гэж зарласан.,On June 23 the European Parliament declared the coronavirus vaccine a biological weapon,1,COVID,1,MFCC,https://mfcc.mn/factcheck-600/
"Новшнууд хороо сурталчилаад эхэлчихсэн шүү энэ мэтээр…!!! Ямар ч нөхцөлд хүүхдэдээ хийлгэж болохгүйм…!!! Ковидын, Сахуу татрангын, Томууны гэх гурван төрлийн хор шахаж байгааг анхаараарай эцэг эхчүүд…!!!","Those scum have started promoting the 'poison'…!!! Under no circumstances should you let your children be given it…!!! Parents, beware — they're injecting three kinds of 'poison': COVID, diphtheria-tetanus-pertussis, and flu…!!!",1,influenza,0,FactCheck.mn,https://factcheck.mn/post/6153
Хятад вакцины 2-р тун бол үхлийн аюултай эрсдэл,"The 2nd dose of the Chinese vaccine is a deadly, dangerous risk.",1,COVID,1,FactCheck.mn,https://factcheck.mn/post/4459
Tulga Dandii хэмээн фэйсбүүк хаягнаас “ Хятад вакцины 2-р тун бол үхлийн аюултай эрсдэл,"Scientists have firmly established that the Chinese vaccine contains a substance that, like caustic soda, eats away the smooth-surface cells lining the capillaries, blocking capillary blood circulation and bringing it to a standstill.",1,COVID,1,FactCheck.mn,https://factcheck.mn/post/4459
"Ковидийн вакцинууд эрүүл мэндэд маш их сөрөг нөлөөтэй байгааг судалгаагаар нотолсон. Вакцин хийлгэсний дараа дархлаа унаж, мэдрэл муудах, зүрх судасны өвчин тусах, саажилт, элэгний өвчлөл, хавдрын өвчлөл нэмэгдэж байна.","Studies have proven that COVID vaccines have very serious adverse health effects; after vaccination immunity drops and nerve damage, cardiovascular disease, paralysis, liver disease and cancer increase.",1,COVID,1,MFCC,https://mfcc.mn/blog-post-191-html/
Ковидийн вакцинууд эрүүл мэндэд маш их сөрөг нөлөөтэй байгааг судалгаагаар нотолсон.,Studies have proven that COVID vaccines have very serious negative health effects,1,COVID,1,MFCC,https://mfcc.mn/blog-post-191-html/
"Ковидийн Вакцин хийлгэсний дараа дархлаа унаж, мэдрэл муудах, зүрх судасны өвчин тусах, саажилт, элэгний өвчлөл, хавдрын өвчлөл нэмэгдэж байна.","After the COVID vaccine, immunity drops and nerve deterioration, cardiovascular disease, paralysis, liver disease and cancer are increasing",1,COVID,1,MFCC,https://mfcc.mn/blog-post-191-html/
АНУ-ын Дээд шүүх бүх нийтийн вакцинжуулалтыг цуцаллаа,The US Supreme Court has cancelled universal vaccination,1,COVID,1,MFCC,https://mfcc.mn/factcheck-76/
Англид КОВИД-19-ийн вакцин хийлгэсэн хүүхдүүд нас барах магадлал 4423% өндөр байна,"In the UK, children who got the COVID-19 vaccine are 4,423% more likely to die.",1,COVID,1,FactCheck.mn,https://factcheck.mn/post/6144
Вакцин хийлгэсэн хүмүүс КОВИД-19-ийн улмаас нас барах магадлал өндөр,Vaccinated people are more likely to die from COVID-19,1,COVID,1,FactCheck.mn,https://factcheck.mn/post/6147
"0 doses буюу нэг ч тун хийлгээгүй нь хар өнгөтэй график бөгөөд хамгийн бага хэмжээгээр ковид тусдаг, 4 тунтай нь улбар шар график бөгөөд хамгийн их ковид тусч байгаа гэж судалгаагаар нотолжээ.","0 doses is the black line and has the lowest COVID incidence, while 4 doses is the orange line with the highest COVID incidence, as proven by research",1,COVID,1,FactCheck.mn,https://factcheck.mn/post/6441
Вакцины нэмэлт тун хийлгэсэн хүмүүс хийлгээгүй хүмүүстэй харьцуулахад эмнэлэгт хэвтэх нь 70-90% бага байна. Израильд хийсэн судалгаагаар коронавирусийн эсрэг вакцины 4 дэх тун эсрэг биетийг тав дахин нэмэгдүүлсэн үр дүн гарсан.,People who received a booster dose are 70-90% less likely to be hospitalised than those who did not.,0,COVID,1,FactCheck.mn,https://factcheck.mn/post/5319
Коронавирусийн Вакцины нэмэлт тун хийлгэсэн хүмүүс хийлгээгүй хүмүүстэй харьцуулахад эмнэлэгт хэвтэх нь 70-90% бага байна.,People who received a booster dose of the coronavirus vaccine are 70-90% less likely to be hospitalised than those who did not,0,COVID,1,FactCheck.mn,https://factcheck.mn/post/5319
Израильд хийсэн судалгаагаар коронавирусийн эсрэг вакцины 4 дэх тун эсрэг биетийг тав дахин нэмэгдүүлсэн үр дүн гарсан.,A study in Israel found that a fourth dose of the coronavirus vaccine increased antibodies fivefold,0,COVID,1,FactCheck.mn,https://factcheck.mn/post/5319
"Аль ч вакцин хүний ДНХ-тэй харилцан үйлчлэлд орж, ямар нэгэн өөрчлөлт үзүүлэх боломжгүй. Тийм учраас хавдар үүсгэж чадахгүй. КОВИД-19-ийн эсрэг вакцин биш, харин коронавирусийн халдвар нь үрэвсэл болон цусны бүлэгнэл бөгөөд зүрхний шигдээсээс эхлээд цус харвалт, эрхтнүүдийг гэмтээх хүртэл хүндрэл үүсгэдэг.","No vaccine can interact with your DNA or alter it in any way, so it cannot cause cancer.",0,COVID,1,FactCheck.mn,https://factcheck.mn/post/6353
"КОВИД-19-ийн эсрэг вакцин биш, харин коронавирусийн халдвар нь үрэвсэл, цусны бүлэгнэл, зүрхний шигдээс зэргийг үүсгэдэг.","It is not the COVID-19 vaccine but coronavirus infection that causes inflammation, blood clots, heart attacks and the like",0,COVID,1,FactCheck.mn,https://factcheck.mn/post/6353
"КОВИД-19- Аль ч вакцин хүний ДНХ-тэй харилцан үйлчлэлд орж, ямар нэгэн өөрчлөлт үзүүлэх боломжгүй.",COVID-19 - No vaccine can interact with human DNA or cause any changes,0,COVID,1,FactCheck.mn,https://factcheck.mn/post/6353
"КОВИД-19-ийн эсрэг вакцин биш, харин коронавирусийн халдвар нь үрэвсэл болон цусны бүлэгнэл бөгөөд зүрхний шигдээсээс эхлээд цус харвалт, эрхтнүүдийг гэмтээх хүртэл хүндрэл үүсгэдэг.","It is not the COVID-19 vaccine but coronavirus infection that causes inflammation and blood clots, ranging from heart attack to stroke and organ damage",0,COVID,1,FactCheck.mn,https://factcheck.mn/post/6353
Бэлгийн замаар халддаг өвчинг Вакцин нэрээр 11-ээс дээш насны хүүхдэд тарих гэж байгаа,"Under the name of a vaccine, a sexually transmitted disease is going to be injected into children over the age of 11.",1,HPV,0,FactCheck.mn,https://factcheck.mn/post/8751
"Умайн хүзүүний хорт хавдрын эсрэг вакцин туршиж бгаад Гейтсийн сан Энэтхэгээс хөөгдөж бсан юм бна. Сөрөг нөлөөнөөс нь охид амиа алдаж, зарим нь эмгэгтэй болжээ","The Gates Foundation was expelled from India while testing the cervical cancer vaccine. Because of its side effects, girls died and some became disabled.",1,HPV,0,FactCheck.mn,https://factcheck.mn/post/8763
Синофармын вакцин бол коронавирус мөн болохыг Сейшлийн арлууд гэдэг улс нотолчихлоо,The Seychelles proved that the Sinopharm vaccine is actually the coronavirus itself.,1,COVID,1,FactCheck.mn,https://factcheck.mn/post/4524
"Вакцинуудад хамгийн их хөнгөн цагаан илэрсэн, бүү хийлгэ",The highest amount of aluminium was found in the vaccines; don't get vaccinated.,1,childhood,0,FactCheck.mn,https://factcheck.mn/post/6169
"СУРГУУЛИАР БҮҮ ХИЙЛГЭ!!! ЭСЭРГҮҮЦ. САХУУ- ТАТРАН- ХӨХҮҮЛ ХАНИАДНЫ ВАКЦИН, ШАРЫН В, А ВИРУСНЫ ЭСРЭГ ВАКЦИН, ПНЕВМОКОККИЙН ВАКЦИНД ХАМГИЙН ИХ ХӨНГӨН ЦАГААН ИЛЭРСЭН!!","DON'T GET IT AT SCHOOL!!! REFUSE. The HIGHEST aluminium levels were found in the diphtheria-tetanus-pertussis vaccine, the hepatitis B and A vaccines, and the pneumococcal vaccine!!",1,childhood,0,FactCheck.mn,https://factcheck.mn/post/6305
Гардасал вакцин нь асар олон хүнд металлтай. Хүний эрүүл мэндийг үхүүлдэг. Нэн тэргүүнд үргүй болгодог,The Gardasil vaccine contains a huge amount of heavy metals. It kills human health. First and foremost it causes infertility.,1,HPV,0,FactCheck.mn,https://factcheck.mn/post/8896
Гардасил вакцины найрлагад ийм хорнууд байна,These poisons are in the composition of the Gardasil vaccine.,1,HPV,0,FactCheck.mn,https://factcheck.mn/post/8889
"Ко вакцин тариулаагүй хүмүүс тариулсан хүнтэй, унтахгүй, гэр бүл болохгүй байхыг уриалж байна. Үргүйдэлд хүргэхээс гадна жаахан удахаараа биеийн аль нэг хэсэгт хорт хавдар үүсгэх аюултай. Аутоиммунийн (арьс, үе мөчний хүнд өвчнүүд), харшил, цус бүлэгнэл үүсгэж, цусан хангамжийн дутагдалд оруулж явсаар үхэлд хүргэх аюултай.","People who didn't get the COVID vaccine are urged not to sleep with or marry vaccinated people; besides causing infertility, after a while it can cause cancer, autoimmune diseases, allergies, blood clots and blood-supply deficiency, leading to death.",1,COVID,1,MFCC,https://mfcc.mn/factcheck-1158/
Ковидын вакцин Үргүйдэлд хүргэхээс гадна жаахан удахаараа биеийн аль нэг хэсэгт хорт хавдар үүсгэх аюултай,"The COVID vaccine causes infertility and, after some time, risks causing cancer in some part of the body",1,COVID,1,MFCC,https://mfcc.mn/factcheck-1158/
"Ковидын вакцинд Аутоиммунийн (арьс, үе мөчний хүнд өвчнүүд), харшил, цус бүлэгнэл үүсгэж, цусан хангамжийн дутагдалд оруулж явсаар үхэлд хүргэх аюултай.","The COVID vaccine risks causing autoimmune conditions (severe skin and joint diseases), allergies, blood clots, blood supply deficiency and eventually death",1,COVID,1,MFCC,https://mfcc.mn/factcheck-1158/
ДЭМБ хүүхдэд вакцин хийхийг зөвшөөрсөн шийдвэрээ цуцаллаа,The WHO has revoked its decision approving vaccination for children,1,general,0,FactCheck.mn,https://factcheck.mn/post/4941
"Вакцин хийлгэсэн хүмүүс хорт хавдар, харвалт болж байна",Vaccinated people are developing cancer and strokes.,1,general,0,FactCheck.mn,https://factcheck.mn/post/6353
Вакцин хийлгүүлсэн хүмүүс цусаа шүүлгэх хэрэгтэй юм байна лээ!!! Тэгээд дахиж вакцин хийлгэхгүй байх!!! Удах тусам өвчлүүлж хорт хавдар харвалт болж байна!!!,"Vaccinated people need to have their blood filtered!!! And then never get vaccinated again!!! The longer it goes on, the more it causes cancer and strokes!!!",1,general,0,FactCheck.mn,https://factcheck.mn/post/6353
Pfizer вакцин дэлхийн хүн амыг устгах төлөвлөгөөний нэг хэсэг байсан,The Pfizer vaccine was part of a plan to exterminate the world's population.,1,COVID,1,FactCheck.mn,https://factcheck.mn/post/6205
…Pfizer-ийн mRNA вакцин нь доноруудын үрийн шингэний концентрац болон нийт хөдөлгөөний тоог түр хугацаагаар бууруулдаг нь дэлхийн хүн амыг устгах төлөвлөгөөний нэг хэсэг байсныг нотолж байна,"…Pfizer's mRNA vaccine temporarily reduces donors' semen concentration and total motility, which proves it was part of a plan to exterminate the world's population.",1,COVID,1,FactCheck.mn,https://factcheck.mn/post/6205
Бангладешт 60 сурагч умайн хүзүүний хорт хавдрын эсрэг вакцин хийлгэсний дараа бие нь муудсан,"In Bangladesh, 60 students fell ill after receiving the cervical cancer (HPV) vaccine.",1,HPV,0,FactCheck.mn,https://factcheck.mn/post/8782
одоогоор 17 сая хүн ковидын вакцины улмаас амь насаа алдсан статистик байна,There are statistics that 17 million people have so far died from the COVID vaccine,1,COVID,1,MFCC,https://mfcc.mn/factcheck-1820/
Хэзээ ч вирусээр хорт хавдар үүссэн тухай нотолгоо байхгүй!!!,There has never been any proof that a virus causes cancer.,1,HPV,0,FactCheck.mn,https://factcheck.mn/post/8786
Бүх б.акцин дэлхийн хүн амыг цөөлөх зэвсэг болсон,All vaccines have become a weapon to reduce the world's population.,1,general,0,FactCheck.mn,https://factcheck.mn/post/6389
"Б.акцины найрлагад ордог мөнгөн усыг үргүй болгож, тархины эсийг гэмтээдэг гээд 2007 оны МУЗГ-ын 95р тогтоолоор хориглосон байдаг. Төрснөөс хойших бүх б.акцин дэлхийн хүн амыг цөөлөх зорилготой зэвсэг болсон!!! Үрсээ хамгаалцгаая” гээд зургаан зураг хавсарган пост оруулжээ.","The mercury in vaccines causes infertility and damages brain cells, and was banned by the Mongolian government's Resolution No. 95 of 2007. Every vaccine from birth onward has become a weapon aimed at reducing the world's population!!! Let's protect our children — posted with six attached images.",1,general,0,FactCheck.mn,https://factcheck.mn/post/6389
Вакцин хүүхдийн унаган дархлааг сүйрүүлнэ,Vaccines destroy children's innate immunity.,1,childhood,0,FactCheck.mn,https://factcheck.mn/post/8926
"Илүү тун хийх тусам… вакцин хийлгээгүй хүмүүстэй харьцуулахад ХАЛДВАР, ӨВЧИН, ҮХЛИЙН ЭРСДЭЛ ӨНДӨР байна. Хүүхдийн унаган дархлааг сүйрүүлнэ, хүүхдэд яагаад ч хийл","The more doses you get… compared to unvaccinated people, the risk of INFECTION, ILLNESS and DEATH is HIGHER. It destroys children's innate immunity; there is no reason ever to give it to children.",1,childhood,0,FactCheck.mn,https://factcheck.mn/post/8926
Бүүстер вакцин омикронд ямар ч үйлчилгээгүй,The booster vaccine has no effect against Omicron.,1,COVID,1,FactCheck.mn,https://factcheck.mn/post/5250
Одоо байгаа вакцины хүрээнд 3-р тун гэх бүүстер вакцин омикронд ямар ч үйлчилгээгүй гэдгийг ДЭМБ-ын Ерөнхий захирал Их Британийн эрдэмтэдийн туршилтыг үндэслэн мэдэгдлээ. Түрүүнд нь бас пфайзерийг Израильд туршаад үр дүн 00 гэж гарсаан. ,"The WHO Director-General announced, based on a UK scientists' trial, that within the current vaccines the so-called 3rd booster dose has no effect against Omicron. Earlier, Pfizer was tested in Israel and the result came out as 00. ",1,COVID,1,FactCheck.mn,https://factcheck.mn/post/5250
Вакцин өөрөө халдварт өвчин,The vaccine is itself an infectious disease.,1,COVID,1,FactCheck.mn,https://factcheck.mn/post/6229
Үнэн гэвэл вакцин чинь өөрөө халдварт өвчин шдээ. Яагаад гэвэл тухайн вирусийг хүний биед зориуд шахаж дархлаа тогтоох нэрийн дор үй олноор нь халдваржуулсан юм шүү,"The truth is, the vaccine is itself an infectious disease. Because they deliberately push the virus into the human body and mass-infect people under the name of building immunity.",1,COVID,1,FactCheck.mn,https://factcheck.mn/post/6229
Томууг өөрийн дархлаагаар давсаар ирсэн. Вакцин ямарч хэрэггүй,Flu has always been overcome by one's own immunity; the vaccine is completely useless.,1,influenza,0,FactCheck.mn,https://factcheck.mn/post/8909
"Дэлхийн үе үеийн хүмүүс томуу өвчнийг өөрийн дархлаагаар давсаар ирсэн. Томуугийн вакцин бол ямарч хэрэггүй эд! Дэлхийн Эмийн үйлдвэрүүдийн цэвэр бизнес. Томууны олон төрлийн вирусээс хамгаалах вакцин дэлхийд огт байхгүй! Ямар ч вакцин бүү хийлгэ!!! Юм л бол вакцин хийж, дэлхийн хүн амыг бууруулахыг санаархаж бгаа хар хүчнийхэн ажиллаж байгааг ойлго!!!",Generations of people worldwide have overcome the flu with their own immunity. The flu vaccine is completely useless! It's pure business for the world's drug manufacturers. There is no vaccine in the world that protects against the many flu viruses! Don't get any vaccine!!! Understand that dark forces are at work seeking to reduce the world's population by pushing vaccines at every turn!!!,1,influenza,0,FactCheck.mn,https://factcheck.mn/post/8909
‼️БРАЗИЛ гэж Хятадын технологиор вакцин хийдэг улсаас вакцин авч хийж байна. ХҮҮХДҮҮДДЭЭ ХИЙЛГЭЖ БОЛОХГҮЙ ШҮҮ!! Дэлхийн үе үеийн хүмүүс томуу өвчнийг өөрийн дархлаагаар давсаар ирсэн. Томуугийн вакцин бол ямарч хэрэггүй эд! Дэлхийн Эмийн үйлдвэрүүдийн цэвэр бизнес. Томууны олон төрлийн вирусээс хамгаалах вакцин дэлхийд огт байхгүй! Ямар ч вакцин бүү хийлгэ!!!,"BRAZIL, a country that makes vaccines with Chinese technology, is buying and using vaccines from them. DON'T LET YOUR CHILDREN BE GIVEN IT!! Generations of people worldwide have overcome the flu with their own immunity. The flu vaccine is completely useless! Pure business for the world's drug manufacturers. There is no vaccine in the world that protects against the many flu viruses! Don't get any vaccine!!!",1,influenza,0,FactCheck.mn,https://factcheck.mn/post/6159
Гардасил тархины судасны хоригийг нэвтэлдэг бөгөөд саажилт үүсгэдэг,Gardasil crosses the blood-brain barrier and causes paralysis.,1,HPV,0,FactCheck.mn,https://factcheck.mn/post/8878
ВАКЦИН БОЛ ШИНЖЛЭХ УХААН НЭРТЭЙ БИОЗЭВСЭГ,A vaccine is a bioweapon under the name of science.,1,general,0,FactCheck.mn,https://factcheck.mn/post/8923
"Үүнд “Бид буюу хүн төрөлтөн ирээдүйд ямар нэг ургын гажиггүй ген буюу монгол зэрлэг дархлааг хайх боловч, тэр үед та нарын хийсэн өнөөдрийн вакцины гайнаас болж өөрийгөө хамгаалах дархлаагүй мал мэт болно. Дархлаан систем төрөхөөсөө асар хүчтэй кодтой бөгөөд, ямар ч нөхцөлд тэсэн амьдрах боломжийг хайж хувирч чаддаг. Ялангуяа Монгол хүний ген маш онцлогтой. Ковидын өмнө Монголчууд ковид тусаад үхэхгүй байсан үнэн.","'We, humankind, will in the future search for a genetically defect-free gene — the wild Mongolian immunity — but by then, because of the harm of today's vaccines, you will be like livestock with no immunity to protect yourselves. The immune system has an extremely powerful code from birth and can adapt to survive under any conditions. The Mongolian gene especially is very special. Before COVID it was true that Mongolians caught COVID and did not die.'",1,general,0,FactCheck.mn,https://factcheck.mn/post/8802
Олон тун вак хийлгэх тусам ковид тусах эрсдэл өндөр байгааг нотолсон,"It has been proven that the more vaccine doses you get, the higher the risk of catching COVID.",1,COVID,1,FactCheck.mn,https://factcheck.mn/post/6441
Хүмүүс гэнэт нас барсан нь КОВИД-ын вакцинаас болсон,People dying suddenly was caused by the COVID vaccine.,1,COVID,1,FactCheck.mn,https://factcheck.mn/post/6414
КОВИД-19-ийн вакцин хорт хавдрыг үүсгэдэг,The COVID-19 vaccine causes cancer.,1,COVID,1,FactCheck.mn,https://factcheck.mn/post/6397
АНУ-ын Дээд шүүх Ковид вакциныг хориглосон,The US Supreme Court banned the COVID vaccine.,1,COVID,1,FactCheck.mn,https://factcheck.mn/post/6384
"Дэлхий ковид вакцинаас татгалзаж, хүүхдүүдэд хийхийг хориглосон",The world has rejected the COVID vaccine and banned giving it to children.,1,COVID,1,FactCheck.mn,https://factcheck.mn/post/6364
Англи улс хүүхдүүдэд Pfizer хийхийг хориглосон,England has banned giving Pfizer to children.,1,COVID,1,FactCheck.mn,https://factcheck.mn/post/6336
Вакцин бол ДАРХЛААЖУУЛАЛТ биш цус өтгөрүүлэгч вирус,The vaccine is not immunisation but a blood-thickening virus that gives 5-11 year olds myocarditis and pericarditis.,1,COVID,1,FactCheck.mn,https://factcheck.mn/post/6310
Файзер тариулсан хүүхдүүдийн үхэл вакцингүй ковид туссан хүүхдүүдийнхээс 57 дахин өндөр,Deaths of Pfizer-vaccinated children are 57 times higher than deaths of unvaccinated children who caught COVID.,1,COVID,1,FactCheck.mn,https://factcheck.mn/post/6285
Сургууль дээр хүүхдэд чинь худал хэлээд юу ч тарьж болно,At school they can inject your children with anything by lying to them (flu vaccine mixed with COVID mRNA).,1,COVID,1,FactCheck.mn,https://factcheck.mn/post/6255
Pfizer хийлгэсэн хоёр сартай хүүхэд нас барсан,A two-month-old baby who got Pfizer died.,1,COVID,1,FactCheck.mn,https://factcheck.mn/post/6102
Цэргийнхэн хүүхдэд зориулсан COVID-19 вакцинаас скополамин илрүүлжээ,The military found scopolamine in the children's COVID-19 vaccine.,1,COVID,1,FactCheck.mn,https://factcheck.mn/post/6098
КОВИД-19 вакцин Англид хүүхдийн нас баралтыг нэмэгдүүлсэн,The COVID-19 vaccine increased child mortality in England.,1,COVID,1,FactCheck.mn,https://factcheck.mn/post/6088
КОВИД-19-ийн вакцин үр тогтоолтод сөрөг нөлөөтэй,The COVID-19 vaccine has a negative effect on fertility.,1,COVID,1,FactCheck.mn,https://factcheck.mn/post/6189
"Ковид туслаа ч хүүхдэд хүндрэх урсгал биш, энийг ОУ-ын SAGE агент экспертиз хийгээд дүгнээд гаргачихсан",Even if children catch COVID it is not a severe course; the international SAGE experts assessed and concluded this.,1,COVID,1,FactCheck.mn,https://factcheck.mn/post/5864
КОВИД-19-ийн вакцин хүүхдүүдийн зүрхийг устгаж байна,The COVID-19 vaccine is destroying children's hearts.,1,COVID,1,FactCheck.mn,https://factcheck.mn/post/5818
Pfizer вакцинд ургийн эс агуулагддаг,The Pfizer vaccine contains fetal cells.,1,COVID,1,FactCheck.mn,https://factcheck.mn/post/5811
Вакцинтай хөхүүл ээжүүдийн хүүхдүүд гепатитаар өвчилсөн,The children of vaccinated breastfeeding mothers developed hepatitis.,1,COVID,1,FactCheck.mn,https://factcheck.mn/post/5808
Жирэмсэн үедээ COVID-19 вакцинжуулалтад хамрагдсан ээжүүд хүүхдээ алдсан,Mothers who were vaccinated against COVID-19 during pregnancy lost their babies.,1,COVID,1,FactCheck.mn,https://factcheck.mn/post/5612
Цус бүлэгнэлийн талаарх тамхины хайрцаг дээрх анхааруулга вакцинтай холбоотой,The blood-clot warning on cigarette packs is connected to the vaccine.,1,COVID,1,FactCheck.mn,https://factcheck.mn/post/5591
"Вакцинтай, гэнэт нас барсан хүний судаснаас 1-2 м үл мэдэх шимэгч олдож байгаа","In vaccinated people who died suddenly, 1-2 metre-long unknown parasites are being found in their blood vessels.",1,COVID,1,FactCheck.mn,https://factcheck.mn/post/5518
КОВИД вакцинуудыг микроскопоор харахад их хэмжээний графен,"Under a microscope, COVID vaccines show large amounts of graphene.",1,COVID,1,FactCheck.mn,https://factcheck.mn/post/5489
Вакцин хийлгэсэн хүмүүс ДОХ-ын нэг хэлбэрт өртөж болзошгүй,Vaccinated people may be exposed to a form of AIDS.,1,COVID,1,FactCheck.mn,https://factcheck.mn/post/5545
КОВИД-19 вакцин ХДХВ-ийн халдвар тээж байгаа,The COVID-19 vaccine carries HIV infection.,1,COVID,1,FactCheck.mn,https://factcheck.mn/post/5538
Нэмэлт тун хийлгэж буй хүмүүс ХДХВ-ийн халдвартай,People getting booster doses are HIV-positive.,1,COVID,1,FactCheck.mn,https://factcheck.mn/post/5408
Вакцин хийлгэсэн хүмүүс вакцингүй хүмүүсээс илүү Омикроноор өвчилж байна,Vaccinated people are catching Omicron more than unvaccinated people.,1,COVID,1,FactCheck.mn,https://factcheck.mn/post/5379
Дэлхийн улсууд вакцинаа зогсоосон,Countries around the world have stopped their vaccines.,1,COVID,1,FactCheck.mn,https://factcheck.mn/post/5384
Вакцины 4 дэх тун дархлааг улам сулруулна гэв,The 4th dose of the vaccine will weaken immunity even further.,1,COVID,1,FactCheck.mn,https://factcheck.mn/post/5319
ОМИКРОН нэмэлт тун хийлгэсэн хүнд шууд халдаж байгаа,Omicron is directly infecting people who received booster doses.,1,COVID,1,FactCheck.mn,https://factcheck.mn/post/5198
"Украины хэрэглэсэн вакцин манайтай адил, огт үр дүн өгөөгүй",The vaccine Ukraine used is the same as ours and had no effect at all.,1,COVID,1,FactCheck.mn,https://factcheck.mn/post/4799
Хятад өөрийн үйлдвэрлэсэн бүх вакцинаасаа татгалзчихсан,China has rejected all the vaccines it produced itself.,1,COVID,1,FactCheck.mn,https://factcheck.mn/post/4740
БиоНТех вакцинаас 10 дахин муу-хор шахуулчихжээ,The BioNTech vaccine turned out ten times worse — poison was injected.,1,COVID,1,FactCheck.mn,https://factcheck.mn/post/4720
"Х.Болорчулуун: Газар газрын батлагдаагүй вакцинуудыг хийж, туршилтын туулай болж гүйцлээ",Kh. Bolorchuluun: unapproved vaccines were administered everywhere and people were turned into test rabbits.,1,COVID,1,FactCheck.mn,https://factcheck.mn/post/4613
Вакцин тариулсан залуус 5 жилийн дотор хүүхэдтэй болж болохгүй,Vaccinated young men and women must not have children within 5 years.,1,COVID,1,FactCheck.mn,https://factcheck.mn/post/4084
Дани улс КОВИД-19-ийн эсрэг вакциныг 18-аас доошн насны хүүхдүүдэд хийхийг хориглосон,Denmark has banned the COVID-19 vaccine for children under 18,1,COVID,1,FactCheck.mn,https://factcheck.mn/post/6120
Pfizer-ийг New York-ийн Биржээс хаслаа,Pfizer has been delisted from the New York Stock Exchange,1,COVID,1,FactCheck.mn,https://factcheck.mn/post/5605
"Халдвар аваад эдгэсэн хүний дархлааны мэдээлжих, коронагийн эсрэгцэх чадамж 6 сарын туршид тасралтгүй өсч үргэлжилдэг процесс Наана нь вакцин хийлгэчихээр таслаж байна",A recovered person's immune memory and anti-corona capacity keeps rising continuously over six months; getting vaccinated cuts this off,1,COVID,1,FactCheck.mn,https://factcheck.mn/post/5164
Японы Эрүүл мэндийн яамны ажилтнуудын 10 хувь нь л вакцин хийлгэсэн,Only 10% of Japan's Ministry of Health staff got vaccinated.,1,COVID,1,MFCC,https://mfcc.mn/factcheck-1822/
Канадын 80 эмч ковидын вакцин хийлгээд нас барсан,80 Canadian doctors died after receiving the COVID vaccine.,1,COVID,1,MFCC,https://mfcc.mn/factcheck-1668/
"ХӨСҮТ-ийн захирал Л.Баттөр: Нас барсан хүмүүсийн 86,5% нь хужаа вакцин байсан","NCCD director L. Battur: 86.5% of the deceased had received the ""Chinese vaccine"".",1,COVID,1,MFCC,https://mfcc.mn/factcheck-1507/
Японы ЗГ 2тэрбум $-ын ковидын вакцин устгалд оруулах шийдвэр гаргалаа вакцин хийлгэсэн хүнээс цусны донор авахыг хориглов,The Japanese government decided to destroy $2 billion of COVID vaccines and banned taking blood donations from vaccinated people.,1,COVID,1,MFCC,https://mfcc.mn/factcheck-1375/
COVID-19 вакцин ноцтой гаж нөлөөтэй болохыг баталжээ .,It has been confirmed that the COVID-19 vaccine has serious side effects.,1,COVID,1,MFCC,https://mfcc.mn/factcheck-1365/
Ганц Беларус Улс л ковид вакцин хийлгээгүй гэх агуулгатай пост түгээжээ.,A post claimed Belarus is the only country that did not administer the COVID vaccine.,1,COVID,1,MFCC,https://mfcc.mn/factcheck-1297/
"COVID-19 вакцин нь сэтгэцийн эрүүл мэндэд хор хөнөөл учруулж, сэтгэлийн хямралыг ихэсгэдэг",The COVID-19 vaccine harms mental health and increases depression.,1,COVID,1,MFCC,https://mfcc.mn/factcheck-1257/
Ковидын вакцины 3 тунтай эхчүүдийн 7/10 нь ургийн өсөлтгүй гэдэг нь тогтоогджээ. Туршилтын үр дүн,It has been determined that 7 out of 10 mothers who received 3 doses of the COVID vaccine had no fetal growth — trial results.,1,COVID,1,MFCC,https://mfcc.mn/factcheck-1232/
Вакцин хийлгэсэн хүмүүст үүсээд байгаа бүлэгнэсэн цусанд цахилгаан долгион дамжуулагч металлууд байгааг илрүүлжээ,News spread that electricity-conducting metals were found in the clotted blood of vaccinated people.,1,COVID,1,MFCC,https://mfcc.mn/blog-post-252-html/
Эмнэлэгт хэвтсэн сахиургүй хүүхдүүдэд ковидын вакцин хийгээд эхэлчихсэн байна шүү,They have started giving the COVID vaccine to hospitalised children who have no guardians.,1,COVID,1,MFCC,https://mfcc.mn/blog-post-177-html/
Европын Холбооны эмийн хяналтын байгууллага вакцины нэмэлт тунгууд (бүүстэр вакцин) дархлааны системийг доголдуулах өндөр эрсдэлтэй гэж мэдэгдлээ,The EU medicines regulator announced that vaccine booster doses carry a high risk of impairing the immune system.,1,COVID,1,MFCC,https://mfcc.mn/blog-post-176-html/
Хугацаа нь дууссан файзер вакциныг сайдын тушаалаар хугацааг сунгасан гэнэ,Expired Pfizer vaccine had its expiry date extended by ministerial order.,1,COVID,1,MFCC,https://mfcc.mn/blog-post-128-html/
"Хятад вакцин эд эсийг шимэн сорж, дархлаа унагадгийг АНУ-ын эрдэмтэд нотоллоo",US scientists proved that the Chinese vaccine sucks nutrients from tissues and lowers immunity.,1,COVID,1,MFCC,https://mfcc.mn/factcheck-80/
Спутник вакцин биед дархлаа тогтоох 0.1% хэмжээнд хүрсэнгүй,The Sputnik vaccine did not reach even 0.1% immunity in the body.,1,COVID,1,MFCC,https://mfcc.mn/factcheck-63/
"Хятадын Синофармын веросэлл вакцины тун хоорондын зай 28 хоног, нэг ч хоног хэтрүүлж болохгүй","For China's Sinopharm Verocell vaccine, the interval between doses is 28 days and must not be exceeded by even a single day.",1,COVID,1,MFCC,https://mfcc.mn/factcheck-61/
Хятад вакциныг олон улсын байгууллага албан ёсоор хүлээн аваагүй бөгөөд хүний биед 73 төрлийн сөрөг нөлөө үзүүлнэ,The Chinese vaccine has not been officially accepted by international organisations and causes 73 types of adverse effects in the body.,1,COVID,1,MFCC,https://mfcc.mn/factcheck-60/
Жирэмсэн болон хөхүүл ээжүүд вакцин хийлгэж болохгүй гэх мэдээллүүд түгээд байна.,Messages spread that pregnant and breastfeeding mothers must not get the vaccine.,1,COVID,1,MFCC,https://mfcc.mn/factcheck-59/
АстраЗенека вакцин үхлийн аюултай цусны бүлэгнэл үүсгэж байгаа,The AstraZeneca vaccine is causing fatal blood clots.,1,COVID,1,MFCC,https://mfcc.mn/factcheck-57/
Гранд мед эмнэлэгт вакцин хийлгэсэн сувилагчийн зүрх нь зогсож сэхээнд орсон,A nurse who got the vaccine at Grand Med hospital had a cardiac arrest and was resuscitated.,1,COVID,1,MFCC,https://mfcc.mn/factcheck-55/
Вакцин хийлгэсэн хүн хийлгээгүй хүнээс 4 дахин илүү өвчинд автдаг. Вакцин хүний дархлалын системийг сөнөөнө,Vaccinated people get four times more diseases than the unvaccinated; the vaccine destroys the human immune system.,1,COVID,1,MFCC,https://mfcc.mn/factcheck-52/
Норвег улсад корона вирусийн вакцин хийлгэсэн 23 хүн нас барсан,23 people died in Norway after getting the coronavirus vaccine.,1,COVID,1,MFCC,https://mfcc.mn/factcheck-47/
АНУ болон Германы хамтарсан вакциныг тариулсан сувилагч бүсгүй нас барсан,A nurse who received the joint US-Germany vaccine died.,1,COVID,1,MFCC,https://mfcc.mn/factcheck-44/
Вакцинаас үүдээд чихрийн шижин гэдэг өвчин газар авч байна,Diabetes is spreading because of the (HPV) vaccine.,1,HPV,0,FactCheck.mn,https://factcheck.mn/post/9007
Япон улс ХПВ-ийн эсрэг вакциныг зогсоосон,Japan has stopped the HPV vaccine.,1,HPV,0,FactCheck.mn,https://factcheck.mn/post/8893
ХПВ-ийн эсрэг вакцины талаарх таван ТАШАА ойлголт,Five inaccurate beliefs about the HPV vaccine. [Explainer article addressing several claims.],1,HPV,0,FactCheck.mn,https://factcheck.mn/post/8792
Японд ХПВ-ийн эсрэг вакцин тариулсан охид хүүхэд тээж чадахгүй болсон,Girls in Japan who received the HPV vaccine became unable to bear children.,1,HPV,0,FactCheck.mn,https://factcheck.mn/post/8775
"Гардасил бол биеэ үнэлэгч, янхнууд, хар тамхичдад хийдэг вакцин","Gardasil is a vaccine given to prostitutes, sex workers and drug addicts.",1,HPV,0,FactCheck.mn,https://factcheck.mn/post/8756
Умайн хүзүүний хорт хавдар 1993 оноос эхлүүлсэн вакцинтай холбоотой,Cervical cancer is linked to a vaccine that was started in 1993.,1,HPV,0,FactCheck.mn,https://factcheck.mn/post/8744
Гардасил вакцины талаарх ТАШАА мэдээлэл,Inaccurate information about the Gardasil vaccine. [Explainer article.],1,HPV,0,FactCheck.mn,https://factcheck.mn/post/8732
Өнөөдрийг хүртэл 59 жилийн хугацаанд хийж байгаа саагийн вакцины найрлагад хорт хавдар үүсгэдэг формальдегид гэдэг бодис ордог. 40-өөс дээш насны хүмүүс умайн хүзүүний хорт хавдраар өвчлөөд байна гэдэг нь 1965 оноос хойш хийж эхэлсэн вакцины энэ бодистой холбоотой,"The polio vaccine given for the past 59 years contains formaldehyde, a cancer-causing substance; the fact that people over 40 are getting cervical cancer is linked to this substance in the vaccine given since 1965",1,HPV,0,FactCheck.mn,http://factcheck.mn/post/8744
Гардасил вакцин болон товлолт вакциныг боловсролын бүх байгууллага дээр хийхийг хориглосон байна . Эмя ны алуурчид л улайран дайрч байгаа юм байна !,Gardasil and the routine scheduled vaccines have been banned in all educational institutions; only the Ministry of Health's killers are pushing them aggressively!,1,HPV,0,MFCC,https://mfcc.mn/factcheck-1247/
"16,000 хүүхдийг бэлгийн эд бойжилтын үед нь хор шахаж мөнхийн бэлгийн сулралтай болох нөхцөл үүсгэчихлээ","16,000 children were poisoned during their sexual-organ development, creating a condition of permanent sexual dysfunction.",1,HPV,0,MFCC,https://mfcc.mn/factcheck-1240/
Гардасилыг сургууль дээр тарихыг Боловсролын яам зөвшөөрөөгүй тул зогсоо!,"The Ministry of Education did not approve administering Gardasil in schools, so stop it!",1,HPV,0,MFCC,https://mfcc.mn/factcheck-1234/
"ХПВ-ийн эсрэг вакцин хорт хавдар, үргүйдэлд хүргэдэг ба 2012 онд хийсэн вакцинжуулалтын улмаас олон эмэгтэйчүүд үргүй болсон гэх мэдээллийг түгээжээ","The HPV vaccine causes cancer and infertility, and many women became infertile as a result of the 2012 vaccination.",1,HPV,0,MFCC,https://mfcc.mn/factcheck-1226/
"Умайн хүзүүний хорт хавдрын эсрэг вакцины нөлөөгөөр залуу америк эмэгтэйчүүдийн төрөлт 50% -иар буурч, зулбалт 27% -ийг давж өссөн байна. Мөн 9-12 насны охидын өндгөвчийг гэмтээж, насанд хүрэгсдэд цэвэршилтийг эрт ирүүлж, үргүйдэлд хүргэдэг","Because of the cervical cancer vaccine, birth rates among young American women fell 50% and miscarriages rose by more than 27%; it also damages the ovaries of 9-12 year old girls, brings on early menopause in adults, and causes infertility.",1,HPV,0,MFCC,https://mfcc.mn/factcheck-1222/
Роберт Кеннедигийн номоос умайн хүзүүний вакцины сөрөг нөлөөтэй,A translated excerpt from Robert Kennedy's book claiming the cervical cancer (HPV) vaccine has adverse effects.,1,HPV,0,MFCC,https://mfcc.mn/factcheck-1211/
ХПВ-ийн эсрэг вакцин хийлгээд эрүүл мэндээрээ хохирсон Япон охид засгийн газраа шүүхэд өгсөн,Information that Japanese girls harmed by the HPV vaccine sued their government.,1,HPV,0,MFCC,https://mfcc.mn/factcheck-1210/
"Гардасил вакцины нэг тун 5000 доллар, зөвхөн 16,18 вирусийг л эсэргүүцнэ","One dose of Gardasil costs $5,000 and only protects against viruses 16 and 18.",1,HPV,0,MFCC,https://mfcc.mn/factcheck-1207/
"вакцинд мөнгөн ус агуулдаг болохоор хор хөнөөлтэй, умайн хүзүүний хорт хавдар нэрийн дор эрэгтэй хүүхдүүдэд вакцин хийх гэж байна, хөгжлийн бэрхшээлтэй хүүхдийн эмнэлэгтэй болтлоо хүүхдүүдийн эрүүл мэнд муудсан, ирээдүйг энэ хөгжлийн бэрхшээлтэй хүүхдүүд авч явж чадахгүй","Vaccines contain mercury so they are harmful; under the name of cervical cancer they are going to vaccinate boys; children's health has deteriorated so badly that a disabled children's hospital is needed, and these disabled children cannot carry the future.",1,HPV,0,MFCC,https://mfcc.mn/factcheck-1153/
Умайн хүзүүний хорт хавдрын эсрэг вакцин бол үхлийн зэвсэг,The cervical cancer vaccine is a weapon of death.,1,HPV,0,MFCC,https://mfcc.mn/factcheck-1131/
Монголд хэрэглэж буй Улаанбурхны вакцины цувралууд нь хүүхдэд дархлаа тогтоох эсэх талаар идэвхт чанарын шалгалт огт хийгдээгүй!.. Тийм боломж Дэлхийд үгүй !!,The measles vaccine batches used in Mongolia have never undergone active testing for whether they confer immunity in children; no such capability exists anywhere in the world.,1,measles,0,MFCC,https://mfcc.mn/factcheck-1776/
Улаанбурхан гэж айлгаад гурван өвчний вирус тарьж буйг мэдэж байгаа биз дээ,"You do realise they are injecting three disease viruses under the scare of measles, don't you?",1,measles,0,MFCC,https://mfcc.mn/factcheck-1771/
Улаанбурханы вакцин хүүхдийн төв мэдрэлийн системд муу нөлөөтэй гэсэн эрдэмтдийн судалгаа гарлаа,A study by scientists has come out showing the measles vaccine harms children's central nervous system.,1,measles,0,MFCC,https://mfcc.mn/factcheck-1767/
АНУ-ын ЭМСайд Роберт Кеннеди хүүхдийн товлолт вакцин түүний дотор улаан бурханы вакциныг 4 нас хүртэл нь хийхийг хорилолоо. Үр хөврөл муу үр лагаварыг ултай суурьтай судласан тухайгаа мэдэгдлэ! Манайд эмийн мафиа байгаа гэж Занданшатар УИХ дээр албан ёсоор нээлттэй мэдэгдсээн…одоо тэр мафиа сүлжээгээ задлахгүй бол нялхасаа алдаж мэдэхээр болчлоо!,"US Health Secretary Robert Kennedy banned childhood scheduled vaccines, including the measles vaccine, before age 4, saying poor embryos/seeds have been studied; Zandanshatar officially declared there is a drug mafia in Mongolia and if that network isn't broken up we may lose our infants.",1,measles,0,MFCC,https://mfcc.mn/factcheck-1644/
"Шинжлэх ухаанд саяханыг хүртэл аутизмын шалтгааныг тодорхойлж чадахгүй байсан. Харин АНУ-ын эрдэмтэд 1)Тайлэнол болон парацетамол эм,лаа 2)УГУ вакцинуудыг хамт хийлгэх нь аутизмын шалтгаан байж болно гэж үзжээ…","Until recently science could not identify the cause of autism, but US scientists now believe that Tylenol/paracetamol together with getting the MMR vaccines may be a cause of autism.",1,measles,0,MFCC,https://mfcc.mn/factcheck-1600/
"Улаанбурхан, гахайн хавдар, улаанууд өвчний эсрэг вакцинд хүнд хэрэглэж болохгүй, зөвхөн лабораторийн туршилтад хэрэглэх зориулалттай бодис орсон","Vaccines against measles, mumps and rubella contain substances that must not be used on humans and are intended only for laboratory testing.",1,measles,0,MFCC,https://mfcc.mn/factcheck-1542/
Хамгийн их аутизм үүсгэдэг вакцин бол улаанбурхан өвчний эсрэг вакцин,The vaccine that causes the most autism is the measles vaccine.,1,measles,0,MFCC,https://mfcc.mn/factcheck-1497/
"Вакцин дотор юу агуулагддаг, вакциныг яаж үйлдвэрлэдэг талаар мэдэхгүй хүмүүс улаан бурхны вакциныг магтаж байна. Вакциныг гардаж үйлдвэрлэж байсан би нэг ч сайн вакцин үгүйг мэднэ гэсэн","People who don't know what is in vaccines or how they are made are praising the measles vaccine; I, who used to manufacture vaccines, know there is not a single good vaccine.",1,measles,0,MFCC,https://mfcc.mn/factcheck-1495/
Улаанбурхан бол өөрөө эдгэдэг өвчин. Тиймээс вакцин нэртэй хор шахуулах хэрэг огт байхгүй шүү,"Measles is a self-healing disease, so there is absolutely no need to inject poison under the name of a vaccine.",1,measles,0,MFCC,https://mfcc.mn/factcheck-1338/
"Сахуу-Татран-Хөхүүл ханиад, В, А вирусний эсрэг вакцинд ХӨНГӨН ЦАГААН их илэрсэн",High levels of aluminium were found in the diphtheria-tetanus-pertussis and hepatitis B and A vaccines.,1,hepatitis_B,0,FactCheck.mn,https://factcheck.mn/post/6276
АНУ: Дөнгөж төрсөн нярайд хийдэг гепатит В-ийн вакуин аутизм үүсэхэд нөлөөлсөн гэв,USA: the hepatitis B vaccine given to newborns contributed to autism.,1,hepatitis_B,0,MFCC,https://mfcc.mn/factcheck-1775/
Гепатит B вирусийн вакцин аутизм үүсгэдэг,The hepatitis B virus vaccine causes autism.,1,hepatitis_B,0,MFCC,https://mfcc.mn/factcheck-1538/
"Ковид, Сахуу татран, Томууны гэх хор шахаж байгааг анхаараарай эцэг эхчүүд","Parents beware — COVID, diphtheria-tetanus-pertussis and flu 'poisons' are being injected.",1,influenza,0,FactCheck.mn,https://factcheck.mn/post/8920
ХҮҮХДЭД вакцин гэх хороо шахах нь ихэслээ,Injecting children with vaccine 'poison' has increased sharply.,1,influenza,0,FactCheck.mn,https://factcheck.mn/post/6173
ОХУ-д ковидын вирустэй мутацлагдсан хонгконг вирус дэгдсэн. Тэхээр томууны вакцин худлаа боллоо шүү!,"A mutated Hong Kong virus combined with the COVID virus has broken out in Russia, so the flu vaccine is now a lie.",1,influenza,0,MFCC,https://mfcc.mn/factcheck-1683/
"Монгол Улсад ашиглагдаж буй томуугийн вакцинд аутизм, мартах эмгэг үүсгэдэг тиомерсал бодис агуулагдаж байна","The flu vaccine used in Mongolia contains thiomersal, which causes autism and memory disorders.",1,influenza,0,MFCC,https://mfcc.mn/factcheck-1679/
Томуугийн вакцин болон товлолт вакцинууд бүгд амьд вирус ашигладаг,The flu vaccine and the routine scheduled vaccines all use live virus.,1,influenza,0,MFCC,https://mfcc.mn/factcheck-774/
РОБЕРТ К хүүхдүүдийнхээ хамт вакцинд хамрагдсанаа ярьжээ,"Robert Kennedy Jr. spoke about having his children vaccinated; children vaccinated in their first 0-30 days were 10,000% more prone to illness than the unvaccinated.",1,childhood,0,FactCheck.mn,https://factcheck.mn/post/8906
Вакцинаас болж аутизмаар оношлогдох хүүхдийн тоо ихсэж байна,The number of children diagnosed with autism is rising because of vaccines.,1,childhood,0,FactCheck.mn,https://factcheck.mn/post/8800
Японд хүүхдийг төрөнгүүт нь шууд вакцин хийдэггүй,In Japan children are not vaccinated immediately after birth.,1,childhood,0,FactCheck.mn,https://factcheck.mn/post/8892
"Хүүхдийн вакцинуудад мөнгөн ус, КАДМИ гээд өөр хүнд металлууд илэрсэн","Mercury, cadmium and other heavy metals were found in children's vaccines.",1,childhood,0,FactCheck.mn,https://factcheck.mn/post/6305
"Доктор Пол Томас 3,324 хүүхдийг судалж үзээд вакцин хийлгээгүй хүүхдүүд эмчийн үзлэгт цөөн орж, эрүүл мэндийн байдал нь илүү сайн болохыг тогтоожээ.","Dr. Paul Thomas studied 3,324 children and found that unvaccinated children visit the doctor less often and are in better health.",1,childhood,0,MFCC,https://mfcc.mn/factcheck-1508/
Вакцинаас болж 10 хүүхдийн 4 нь аутизмтай болж байгаа,4 in 10 children are becoming autistic because of vaccines.,1,general,0,FactCheck.mn,https://factcheck.mn/post/8911
Вакцин дахь бодисууд хорт хавдар үүсгэдэг,The substances in vaccines cause cancer.,1,general,0,FactCheck.mn,https://factcheck.mn/post/8900
"Вакцин хавдрыг үүсгэх, үүссэн нэгэнд нь үсэрхийлэл өгөх гадны биет",The vaccine is a foreign body that causes cancer and gives metastasis to those who already have it.,1,general,0,FactCheck.mn,https://factcheck.mn/post/6432
Вакцинжуулалт бол хүний өөрийн дархлааг сүйтгэх хордуулалт,Vaccination is a poisoning that destroys one's own immunity.,1,general,0,FactCheck.mn,https://factcheck.mn/post/5239
Вакдуулах тусам унаган дархлаа үхнэ. Дархлаа үхвэл ДОХ-той болно,"The more you vaccinate, the more innate immunity dies; when immunity dies you get AIDS",1,general,0,FactCheck.mn,https://factcheck.mn/post/4971
"Дараагийнх нь туслах бодисууд болохоор хөнгөн цагааны гидроксид. Энэ нь идээ үрэвсэл үүсгэдэг, тархи гэмтээж саатах, мартах өвчин, альцгеймер үүсгэдэг. Энэ бодис КОВИД-ын вакцинд орсон байгаа. Тэгэхээр хүмүүс КОВИД-ын вакцин тариулаад мартаж санадаг өвчтэй болоод байгаа гэдэг нь энэ хөнгөн цагааны гидроксидтой холбоотой","The next adjuvant substance is aluminium hydroxide. It causes inflammation, brain damage, memory loss and Alzheimer's. This substance is in the COVID vaccine. So people getting memory problems after the COVID vaccine is linked to this aluminium hydroxide",1,general,0,FactCheck.mn,
Вакцингүй 715 хүүхдээс нэг аутизм. Вакцинтай 45 хүүхдээс нэг аутизм гардаг,"1 in 715 unvaccinated children has autism, but 1 in 45 vaccinated children has autism.",1,general,0,MFCC,https://mfcc.mn/factcheck-1885/
Хөөрхий хүүхдүүд тэнэг ээж ааваасаа болж амиа алдаж эсвэл аутизмтай болж байна. Хамраар шахдаг вакцин гарчхаж,Poor children are dying or becoming autistic because of their foolish parents. A nasal-spray vaccine has now come out.,1,general,0,MFCC,https://mfcc.mn/factcheck-1856/
Вирусийн халдвар авах үед цөөн тооны вирус л биемахбод руу орно. Вакцин тарих үед хэдэн зуун саяас хэдэн тэрбум вирус нэг дор биемахбод руу нь оруулна,"When you catch a virus, only a small number of viruses enter the body, but when a vaccine is injected, hundreds of millions to billions of viruses are put into the body at once.",1,general,0,MFCC,https://mfcc.mn/factcheck-1788/
Дэлхийн хамгийн том бизнес эм байдаг. Эмээ зарахын тулд вакцинаар өвчин тараасны дараа эмийнхээ бизнесийг явуулдаг,The biggest business in the world is medicine; to sell drugs they first spread disease via vaccines and then run their drug business.,1,general,0,MFCC,https://mfcc.mn/factcheck-1587/
Вакцинжуулалтын улмаас хүүхэд саажилттай болсон тухай агуулга бүхий мэдээллийг нийтэлжээ.,A child became paralysed as a result of vaccination.,1,general,0,MFCC,https://mfcc.mn/factcheck-1512/
Монголчууд бүгдээрээ вакцинаар устгалд орох ёстой хүмүүсийн тоонд орсон,All Mongolians have been placed on the list of people to be exterminated by vaccine.,1,general,0,MFCC,https://mfcc.mn/factcheck-1504/
7 тэрбум хүнийг цөөлөхөд вакцин байхад хангалттай,There is enough vaccine on hand to cull the 7 billion people.,1,general,0,MFCC,https://mfcc.mn/factcheck-1219/
ХӨСҮТ-ын дэд захирал вакцинд чип ордог талаар ярьсан гэх агуулга бүхий мэдээллийг түгээжээ.,The NCCD deputy director spoke about chips being in vaccines.,1,general,0,MFCC,https://mfcc.mn/factcheck-1218/
"АНУ-ынд вакцинжуулалтыг бүрэн хориглохоор Трамп, Кеннеди нар шийдсэн ба вакциныг гахай тахиа, абортын материалаас гаргаж авдаг гэх зэрэг мэдээллийг түгээжээ.","Trump and Kennedy decided to completely ban vaccination in the US, and vaccines are made from pigs, chickens and abortion material.",1,general,0,MFCC,https://mfcc.mn/factcheck-1200/
Вакцин бол ямар ч шинжилгээгээр оношлогддоггүй өвчин үүсгэдэг буюу гений өөрчлөлтөд оруулдаг тариа,"A vaccine is an injection that causes diseases undiagnosable by any test, or that produces genetic modification.",1,general,0,MFCC,https://mfcc.mn/factcheck-1196/
Вакцинаас болж хоорт хавдар үүссэн гэх агуулга бүхий мэдээллийг түгээжээ.,Cancer was caused by a vaccine.,1,general,0,MFCC,https://mfcc.mn/factcheck-1171/
Та хүүхдэдээ элдэв вакцин шахуулбал эцэст нь өөрийн гараар үрээ оршуулна шүү!!” гэсэн тайлбартай пост нийтэлжээ .,"A post read: ""If you keep injecting your child with all sorts of vaccines, in the end you will bury your own child with your own hands!""",1,general,0,MFCC,https://mfcc.mn/factcheck-1148/
"Вакцин бол хор хор хор!!! Найрлагад нь хүнд металлууд, антибиотик, абортны хүүхдийн материал ордог. Үрсээ хамгаалаарай","Vaccines are poison, poison, poison! They contain heavy metals, antibiotics and aborted-baby material. Protect your children.",1,general,0,MFCC,https://mfcc.mn/factcheck-749/
"Вакцин хийлгэснээс үүдэн бэлгийн сулрал, ой санамж муудах зэрэг эмгэг үүсэж байна гэжээ.",Vaccination is causing conditions such as sexual dysfunction and memory loss.,1,general,0,MFCC,https://mfcc.mn/factcheck-740/
The Lancet сэтгүүлд нийтэлсэн судагааны тоймд вакцин нь үхлийн гол шалтгаан болдог гэсэн байна.,A study review published in The Lancet said that vaccines are a leading cause of death.,1,general,0,MFCC,https://mfcc.mn/factcheck-694/
Вакцин тарих үед хэдэн тэрбум вирус бие махбод руу орно,"When you get vaccinated, billions of viruses enter the body",1,general,0,MFCC,
"COVID-19 вакцинаар тогтсон дархлаа нь өвдсөнөөс илүү найдвартай, аюулгүй хамгаалалт болдгийг судалгааны үр дүнгээр тогтоосон.",Immunity from the COVID-19 vaccine is a more reliable and safer protection than immunity gained by getting ill.,0,COVID,1,FactCheck.mn,https://factcheck.mn/post/6214
mRNA нь шинэ технологи ч хүний ДНХ буюу удмын мэдээллийг өөрчлөх боломжгүй.,"mRNA is a new technology, but it cannot change human DNA or genetic information.",0,COVID,1,FactCheck.mn,https://factcheck.mn/post/6255
"mRNA болон уламжлалт вакцин аль аль нь тухайн өвчнийг үүсгэхгүй, халдвар тээгч болохгүй, зөвхөн биеийн дархлааны хариу урвалыг өдөөдөг.",Neither mRNA nor traditional vaccines cause the disease or make you infectious; they only trigger the body's immune response.,0,COVID,1,FactCheck.mn,https://factcheck.mn/post/6310
КОВИД-19 вакцины үр дүнд жилд 14.4 сая хүн нас барахаас сэргийлсэн.,COVID-19 vaccines prevented an estimated 14.4 million deaths in a single year.,0,COVID,1,FactCheck.mn,https://factcheck.mn/post/6310
КОВИД-19 вакцин нь хорт хавдар үүсгэдэг гэдэг нь үлгэр домог.,The claim that the COVID-19 vaccine causes cancer is a myth.,0,COVID,1,FactCheck.mn,https://factcheck.mn/post/6397
КОВИД-19-ийн эсрэг вакцин ХДХВ/ДОХ халдварлуулах ямар ч боломжгүй ба вакцин хийхэд ямар ч үнэмшилтэй механизм байхгүй.,"COVID-19 vaccines cannot transmit HIV/AIDS, and there is no plausible mechanism for this.",0,COVID,1,FactCheck.mn,https://factcheck.mn/post/5408
Хүүхдүүдийг вакцинд хамруулснаар КОВИД-19-ийн халдварын түвшнийг эрс бууруулдаг болох нь тогтоогдсон.,Vaccinating children has been shown to significantly reduce COVID-19 transmission.,0,COVID,1,FactCheck.mn,https://factcheck.mn/post/5801
Вакцины хүүхдүүдэд үзүүлэх ашиг тус нь эрсдэлээсээ хавьгүй өндөр байна.,The benefits of the vaccine for children far outweigh the risks.,0,COVID,1,FactCheck.mn,https://factcheck.mn/post/5801
"Ялангуяа, вакцин хийлгэсний дараа маш ховор тохиолддог гаж нөлөө бөгөөд миокардитаар өвчилсөн хүмүүс хурдан эдгэрдэг байна.","Myocarditis is a very rare side effect after vaccination, and those who develop it recover quickly.",0,COVID,1,FactCheck.mn,https://factcheck.mn/post/5818
Вакцин нь эмэгтэйчүүдийн нөхөн үржихүйд хор хөнөөл учруулдаг гэсэн нотолгоо байхгүй байна.,There is no evidence that the vaccine harms women's fertility.,0,COVID,1,FactCheck.mn,https://factcheck.mn/post/6205
"Хатан хааны Эх барих, эмэгтэйчүүдийн эмч нарын коллеж “Одоогийн вакцинууд эмэгтэйчүүдийн нөхөн үржихүйд ямар нэгэн нөлөө үзүүлэх биологийн үндэслэлтэй механизм байдаггүй” хэмээн тайлбарлажээ.",There is no biologically plausible mechanism by which current vaccines would affect women's fertility (Royal College of Obstetricians and Gynaecologists).,0,COVID,1,FactCheck.mn,https://factcheck.mn/post/6285
"АНУ-д 5-11 насны 8,082,264 хүүхдэд дор хаяж нэг тун Pfizer вакцин хийхэд 11 тохиолдолд нь л гаж нөлөө илэрсэн бөгөөд хөнгөн тохиолдлууд байв.","Among more than 8 million US children aged 5-11 given at least one dose of Pfizer, only 11 mild side-effect cases occurred.",0,COVID,1,FactCheck.mn,https://factcheck.mn/post/5801
"5-15 насны хүүхдүүдэд Pfizer/BioNTech вакцин маш сайн үр дүнтэй байсныг Бие даасан эм, эрүүл мэндийн бүтээгдэхүүний зохицуулах агентлагаас баталгаажуулсан.",Regulators confirmed the Pfizer/BioNTech vaccine was highly effective in children aged 5-15.,0,COVID,1,FactCheck.mn,https://factcheck.mn/post/6124
"Монгол Улс КОВИД-19-ийн эсрэг вакциныг сайн дурын үндсэн дээр хийж байгаа бол сахуу татран, томуугийн эсрэг вакциныг эцэг, эхийн зөвшөөрлийн үндсэн дээр хийж байна.",In Mongolia the COVID-19 vaccine is given on a voluntary basis.,0,COVID,1,FactCheck.mn,https://factcheck.mn/post/6173
Вакцин хийлгэснээс 1-2 сарын дотор хорт хавдар үүсдэг гэсэн мэдэгдэл нь “биологийн хувьд боломжгүй”.,The claim that cancer develops within 1-2 months of vaccination is biologically impossible.,0,COVID,1,FactCheck.mn,https://factcheck.mn/post/6397
Вакцины үр дүнгийн талаарх шинэ судалгааг харвал нас баралт вакцин хийлгээгүй хүмүүсийн дунд маш өндөр байна.,New studies of vaccine effectiveness show that mortality is much higher among unvaccinated people.,0,COVID,1,FactCheck.mn,https://factcheck.mn/post/6285
Бусад судалгаагаар Pfizer вакцин үрийн шингэний чанарт ямар ч нөлөө үзүүлээгүй байна.,Other studies found that the Pfizer vaccine had no effect on semen quality.,0,COVID,1,FactCheck.mn,https://factcheck.mn/post/6205
Pfizer вакцин хийлгэсний дараа үрийн шингэний чанарын зарим үзүүлэлт түр хугацаагаар буурсан нь судалгаагаар тогтоогдсон ч энэ нь нөхөн үржихүйд удаан хугацааны нөлөө үзүүлж байгааг нотлох баримт биш.,"Some semen-quality measures dropped temporarily after the Pfizer vaccine, but this is not evidence of any long-term effect on fertility.",0,COVID,1,FactCheck.mn,https://factcheck.mn/post/6205
"КОВИД-19-ийн эсрэг вакцинуудын аль нь ч ХДХВ-ийн шинжилгээнд саад болохгүй гэдгийг мэдэгдээд бүүстер тунд ХДХВ-ийн ямар ч элемент агуулагдахгүй, боломж байхгүй гэдгийг хэлжээ.","None of the COVID-19 vaccines interfere with HIV testing, and a booster dose contains no HIV element.",0,COVID,1,FactCheck.mn,https://factcheck.mn/post/5408
Pfizer болон Moderna-ийн 6 сартайгаас 5 нас хүртэлх төдийгүй 5-11 насны хүүхдүүдэд зориулсан вакцины найрлагад ч скополамины агууламж байхгүй.,The Pfizer and Moderna vaccines for children (from 6 months to 5 years and 5-11 years) contain no scopolamine.,0,COVID,1,FactCheck.mn,https://factcheck.mn/post/6098
"Аль ч вакцин хорт хавдар үүсгэх, өдөөх үндэслэл, нотолгоо байхгүйг олон улсын мэргэжлийн байгууллагууд тайлбарладаг.",International professional organisations explain that there is no basis or evidence that any vaccine causes or triggers cancer,0,COVID,1,FactCheck.mn,https://factcheck.mn/post/6441
Англи Улс 5-11 насны хүүхдүүдийн дархлаажуулалтыг зогсоогоогүй бөгөөд вакцинд хамрагдахыг зөвлөсөн хэвээр байна.,England has not stopped immunising 5-11 year olds and still recommends vaccination,0,COVID,1,FactCheck.mn,https://factcheck.mn/post/6285
"АНУ-ын Халдварт өвчний хяналт, сэргийлэлтийн төвийн (CDC) мэдээллээр КОВИД-19-ийн нас баралтад вакцинд хамрагдаагүй хүмүүсийн үхэл зонхилж байна.","According to the US CDC, deaths among the unvaccinated dominate COVID-19 mortality",0,COVID,1,FactCheck.mn,https://factcheck.mn/post/6214
Хүний биеийн дархлаа төрөлхийн ба олдмол гэж ангилагддаг бөгөөд аль аль нь хүнийг амьдралынх нь туршид өвчнөөс хамгаалахад оролцдог.,"The human immune system is classified as innate and acquired, and both help protect a person from disease throughout life",0,COVID,1,FactCheck.mn,https://factcheck.mn/post/6214
CDC-ийн судалгаагаар Pfizer болон Moderna вакцины нэмэлт тун нь Омикроны халдвар авсны дараа эмнэлэгт хэвтэх эрсдэлийг бууруулдаг.,CDC research shows that a booster dose of Pfizer and Moderna vaccines reduces the risk of hospitalisation after Omicron infection,0,COVID,1,FactCheck.mn,https://factcheck.mn/post/5379
"Вакцин нь Омикрон хувилбараар хүндээр өвчлөх, эмнэлэгт хэвтэх, нас барахаас үр дүнтэй хамгаалдгийг судалгаанууд харуулж байна.","Studies show the vaccine effectively protects against severe illness, hospitalisation and death from the Omicron variant",0,COVID,1,FactCheck.mn,https://factcheck.mn/post/5379
"АНУ-ын CDC 5-11 насны хүүхдэд коронавирусийн эсрэг вакцин аюулгүй, үр дүнтэй тул хийлгэхийг зөвлөсөн.",The US CDC recommended the coronavirus vaccine for 5-11 year olds as safe and effective,0,COVID,1,FactCheck.mn,https://factcheck.mn/post/5250
ДЭМБ вакцинуудад яаралтай горимоор зөвшөөрөл олгохдоо олон арван мянган хүнд хийсэн хэд хэдэн үе шаттай клиник туршилтад тулгуурладаг.,"When granting emergency authorisation to vaccines, the WHO relies on multi-stage clinical trials conducted on tens of thousands of people",0,COVID,1,FactCheck.mn,https://factcheck.mn/post/4839
Клиник туршилтуудаар КОВИД-19-ийн вакцинууд аюулгүй бөгөөд өвчний хүндрэлээс урьдчилан сэргийлдэг болох нь нотлогдсон.,Clinical trials have proven COVID-19 vaccines are safe and prevent severe illness,0,COVID,1,FactCheck.mn,https://factcheck.mn/post/4839
Pfizer-BioNTech болон Moderna вакцинууд нь дархлааны хариу урвал үүсгэдэг S уургийг хэрхэн үйлдвэрлэхийг биед заадаг mRNA технологид суурилдаг.,Pfizer-BioNTech and Moderna vaccines are based on mRNA technology that instructs the body how to produce the S protein that triggers an immune response,0,COVID,1,FactCheck.mn,https://factcheck.mn/post/4839
Вакцины найрлагад хүнцэл ордог гэсэн албан ёсны мэдээлэл байхгүй.,There is no official information that the vaccine contains arsenic,0,COVID,1,FactCheck.mn,https://factcheck.mn/post/4773
"Хүүхдийн хөгжлийн гаж нөлөөтэй холбоотойгоор КОВИД-19-ийн эсрэг вакциныг санал болгохоо больж, зогсоосон тухай баттай нотолгоо байхгүй.",There is no solid evidence that the COVID-19 vaccine has been withdrawn or stopped being recommended due to child developmental side effects,0,COVID,1,FactCheck.mn,https://factcheck.mn/post/6124
"АНУ-ын Хүнс, эмийн зохицуулах байгууллага (FDA) COVID-19 вакцинд скополамин ашигладаггүйг үгүйсгэн мэдэгдсэн.",The US FDA denied that scopolamine is used in the COVID-19 vaccine,0,COVID,1,FactCheck.mn,https://factcheck.mn/post/6098
Вакцин хийлгэсэн эх хүүхдээ хөхөөр хооллосноор өвчлөл үүсгэдэг гэх шинжлэх ухааны үндэслэл байхгүй.,There is no scientific basis that a vaccinated mother breastfeeding her child causes illness,0,COVID,1,FactCheck.mn,https://factcheck.mn/post/5808
ХДХВ/ДОХ өвчин вирусээр үүсгэгддэг ч коронавирусээс огт өөр өвчин болохыг эрдэмтэд тайлбарладаг.,"Scientists explain that although HIV/AIDS is caused by a virus, it is a completely different disease from coronavirus",0,COVID,1,FactCheck.mn,https://factcheck.mn/post/5408
КОВИД-19-ийн вакцин дэлхийн 19.8 сая хүнийг үхэхээс сэргийлснийг The Lancet сэтгүүлд хэвлэгдсэн судалгаа харуулсан.,A study published in The Lancet showed the COVID-19 vaccine prevented 19.8 million deaths worldwide,0,COVID,1,FactCheck.mn,https://factcheck.mn/post/8923
"Эм, эрүүл мэндийн бүтээгдэхүүний зохицуулах агентлаг “КОВИД-19-ийн вакцин нь нөхөн үржихүй болон таны хүүхэд төрүүлэх чадварт нөлөөлнө гэсэн нотлох баримт байхгүй” хэмээн мөн хэлсэн байна.",The Medicines and Healthcare products Regulatory Agency also said there is no evidence that the COVID-19 vaccine affects fertility or your ability to have children,0,COVID,1,FactCheck.mn,https://factcheck.mn/post/6285
Канадад нас барсан 80 эмчийн үхлийн шалтгаан КОВИД-19-ийн вакцинтай холбоогүй болохыг Global News-ийн эрэн сурвалжлага тогтоосон.,A Global News investigation established that the deaths of 80 doctors in Canada were not linked to the COVID-19 vaccine,0,COVID,1,MFCC,https://mfcc.mn/factcheck-1668/
"Ковид-19-ийн эсрэг вакцинуудын эерэг үр дүн, ашиг тус нь эрсдэлт нөхцөлүүдээсээ хамаагүй илүү гэдгийг судалгаанд онцолсон.",Studies emphasise that the positive results and benefits of COVID-19 vaccines far outweigh their risks,0,COVID,1,MFCC,https://mfcc.mn/factcheck-1365/
"Ковидын вакцины аюулгүй байдлыг холбогдох байгууллагууд баталгаажуулсан бөгөөд вакцин төрөлтөд сөргөөр нөлөөлдөг гэсэн нотолгоо байхгүй, жирэмслэлт, урагт аюулгүй болохыг судалгаагаар харуулсан.","Relevant organisations have confirmed the safety of the COVID vaccine, there is no evidence it harms fertility, and studies show it is safe in pregnancy and for the foetus",0,COVID,1,MFCC,https://mfcc.mn/factcheck-1232/
"ДЭМБ болон нэр хүндтэй судалгааны сэтгүүлүүдэд «mRNA вакцин таван цул эрхтэнд наалдаж, эд эсийг шимэн сорж, дархлааг унагадаг» гэсэн судалгаа байхгүй.","There is no study in the WHO or reputable research journals saying 'mRNA vaccines stick to five solid organs, drain tissue and collapse immunity'",0,COVID,1,MFCC,https://mfcc.mn/factcheck-80/
Европын Эмийн Агентлаг вакцинаас шалтгаалж цус бүлэгнэдэг гэх тодорхой нотлогдсон таамаг байхгүй гэж мэдэгдсэн.,The European Medicines Agency stated there is no clearly proven hypothesis that the vaccine causes blood clots,0,COVID,1,MFCC,https://mfcc.mn/factcheck-57/
Вакцины РНХ нь эсэд ковидын эсрэг дархлаа бий болгох уураг үүсгэхэд тусалдаг бөгөөд дараа нь хүний бие өөрөө тэр РНХ-г устгадаг.,"The vaccine's RNA helps cells produce a protein that builds immunity against COVID, and then the body itself destroys that RNA",0,COVID,1,MFCC,https://mfcc.mn/factcheck-52/
"КОВИД-19-ийн эсрэг вакцины чанар, аюулгүй байдал болон дархлаажуулалтын явцад тогтмол хяналт тавьж ажилладаг.",The quality and safety of the COVID-19 vaccine are continuously monitored throughout the immunisation process.,0,COVID,1,Ministry of Health (ЭМЯ),https://www.moh.gov.mn/news/4968
"ХПВ-ийн вакциныг дэлхийн 147 улс дархлаажуулалтын хөтөлбөртөө оруулсан ба АНУ, Австрали, Канад, Европын олон орон багтаж буй.","The HPV vaccine has been included in the immunisation programmes of 147 countries, including the USA, Australia, Canada and many European countries.",0,HPV,0,FactCheck.mn,https://factcheck.mn/post/9007
Монгол Улсад 2012 онд ХПВ-ийн эсрэг вакцин хийсний үр дүн 90%-100% байна.,"In Mongolia, the 2012 HPV vaccination had an effectiveness of 90-100%.",0,HPV,0,FactCheck.mn,https://factcheck.mn/post/9007
"ХПВ-ийн халдварын эсрэг вакцинжуулалтын хөтөлбөрүүд нь дархлаажуулж буй нас, хэрэгжилт зэрэг хүчин зүйлээс хамаарч умайн хүзүүний хорт хавдрын түвшинг улс орнуудад 63-90%-иар бууруулж чаддаг болох нь нотлогдсон.",HPV vaccination programmes have been shown to reduce cervical cancer rates by 63-90% across countries.,0,HPV,0,FactCheck.mn,https://factcheck.mn/post/8786
"HPV-ийн эсрэг вакцин нь ХПВ-ийн 16, 18-р хэв шинжээр үүсгэгдэх хорт хавдраас бараг 100 хувь урьдчилан сэргийлдэг нь 15 жилийн судалгаагаар нотлогдсон.",The HPV vaccine has been shown by 15 years of research to prevent almost 100% of cancers caused by HPV types 16 and 18.,0,HPV,0,FactCheck.mn,https://factcheck.mn/post/8751
"9-11 насанд буюу бэлгийн амьдрал эхлээгүй байх үед уг вакциныг хийлгэхэд дархлаа хамгийн сайн тогтож, HPV вирусийн халдвараар үүсгэгддэг хожмын олон өвчлөлөөс үр дүнтэй сэргийлдэг нь нотлогдсон.","Immunity is strongest when the HPV vaccine is given at ages 9-11, before sexual activity begins, effectively preventing later HPV-related diseases.",0,HPV,0,FactCheck.mn,https://factcheck.mn/post/8751
ХПВ-ийн вакцин нь нөхөн үржихүйд нөлөөлдөг гэсэн нотолгоо байхгүй буюу шинжлэх ухааны үндэслэлгүй.,"There is no evidence, and no scientific basis, that the HPV vaccine affects fertility.",0,HPV,0,FactCheck.mn,https://factcheck.mn/post/8775
"Уг вакцин нь ХПВ-тэй холбоотой хорт хавдрын эрсдэлийг эрс бууруулдаг, аюулгүй бөгөөд үр дүнтэй болох нь нотлогдсон.",The HPV vaccine has been proven to significantly reduce the risk of HPV-related cancers and to be safe and effective.,0,HPV,0,FactCheck.mn,https://factcheck.mn/post/8878
"Умайн хүзүүний хорт хавдар вакцинаас үүсдэг биш, вакцинаар хамгаалагддаг.","Cervical cancer is not caused by the vaccine; rather, it is prevented by it.",0,HPV,0,FactCheck.mn,https://factcheck.mn/post/8744
Хүний папиллома вирусийн ДНХ умайн хүзүүний хорт хавдрын эсүүдээс байнга илэрдэг ба энэ нь вирусийн оролцоог нотолдог.,"Human papillomavirus DNA is consistently found in cervical cancer cells, proving the virus's role.",0,HPV,0,FactCheck.mn,https://factcheck.mn/post/8789
Дэлхийн 140 гаруй улс HPV вирусийн эсрэг вакцинжуулалтыг хийж байгаагаас 76 нь сургуулиудад суурилан явуулж байна.,"More than 140 countries carry out HPV vaccination, 76 of them through schools.",0,HPV,0,FactCheck.mn,https://factcheck.mn/post/8744
Бангладешт сургуулийн насны 1.8 сая охин ХПВ-ийн эсрэг вакцинд хамрагдсанаас хоёр охин ухаан алдаж унасан нь сэтгэл хөдлөлийн шалтгаантай байсан нь тогтоогдсон.,"In Bangladesh, of 1.8 million schoolgirls vaccinated against HPV, two girls who fainted were found to have done so for psychological (not vaccine-related) reasons.",0,HPV,0,FactCheck.mn,https://factcheck.mn/post/8782
"Хүний папиллома вирус нь бэлгийн замаас гадна арьс, салст бүрхэвчээр дамжин халдварладаг.",Human papillomavirus spreads not only through sexual contact but also via skin and mucous membranes.,0,HPV,0,FactCheck.mn,https://factcheck.mn/post/8756
"Вакцины найрлага дахь хөнгөн цагаан нь дархлаа тогтоцыг нэмэгдүүлж, урт хугацаанд хамгаалах тогтвортой хариу урвал үүсгэдэг.","The aluminium in the vaccine boosts the immune response and produces a stable, long-lasting protective reaction.",0,HPV,0,FactCheck.mn,https://factcheck.mn/post/8889
"Харин уг вакциныг эсэргүүцэж зогсоосноор 4,000 гаруй эмэгтэйг умайн хүзүүний хорт хавдраар өвчилж, амь насаа алдахаас нь хамгаалах боломжоо алдсан.","By opposing and halting this vaccine, the chance to protect more than 4,000 women from cervical cancer was lost.",0,HPV,0,FactCheck.mn,https://factcheck.mn/post/9007
Хүний папиллома вирусийн халдварыг анхны бэлгийн хавьталд орохдоо авах эрсдэлтэй тул 11 насанд хийх нь өндөр үр дүнтэй.,"Since there is a risk of getting HPV infection at first sexual contact, vaccinating at age 11 is highly effective",0,HPV,0,FactCheck.mn,https://factcheck.mn/post/8800
ХДВ-ийн вакциныг эрт үед нь сэргийлэхэд умайн хүзүүний хорт хавдрын өвчлөлийг 20 ба түүнээс дээш жилээр мэдэгдэхүйц бууруулах боломжтой нь тогтоогдсон.,Early HPV vaccination has been shown to significantly reduce cervical cancer incidence for 20 or more years,0,HPV,0,FactCheck.mn,https://factcheck.mn/post/8789
Японд болсон сөрөг үйл явдлууд нь ХПВ-ийн вакцинаас шалтгаалаагүй буюу холбоотой гэсэн нотолгоо байхгүй гэж дүгнэсэн.,It was concluded that the adverse events in Japan were not caused by or linked to the HPV vaccine,0,HPV,0,FactCheck.mn,https://factcheck.mn/post/8775
Энэтхэгт нас барсан тохиолдлууд нь вакцинтай ямар ч холбоогүй нь батлагдсан.,It was confirmed that the deaths in India had no connection to the vaccine,0,HPV,0,FactCheck.mn,https://factcheck.mn/post/8763
"Гардасил вакцин нь гормоны өөрчлөлтөд нөлөөлдөг гэсэн шинжлэх ухааны үндэслэл, нотолгоо байхгүй.",There is no scientific basis or evidence that the Gardasil vaccine affects hormonal changes,0,HPV,0,FactCheck.mn,https://factcheck.mn/post/8756
Умайн хүзүүний болон ХПВ-ээр үүсгэгддэг бусад хорт хавдраас урьдчилан сэргийлэхэд Гардасил вакцины ашиг тус нь эрсдэлээс давсан.,The benefits of the Gardasil vaccine in preventing cervical and other HPV-caused cancers outweigh the risks,0,HPV,0,FactCheck.mn,https://factcheck.mn/post/8751
Зарим вирус шууд болон шууд бусаар хорт хавдар үүсгэдэг болохыг шинжлэх ухаан хэдийн тогтоосон.,Science has already established that some viruses cause cancer directly and indirectly,0,HPV,0,FactCheck.mn,https://factcheck.mn/post/8786
"ХПВ-ийн эсрэг вакциныг дэлхийн хэмжээнд, тэр дундаа АНУ, Канад, Австрали, Европын орнууд гээд өндөр хөгжилтэй болон хөгжиж буй улсууд ашигладаг.","The HPV vaccine is used worldwide, including in developed and developing countries such as the US, Canada, Australia and European nations",0,HPV,0,FactCheck.mn,https://factcheck.mn/post/8756
ХПВ-ийн эсрэг вакцин бэлгийн сулрал үүсгэдэг гэсэн батлагдсан судалгаа байхгүй; харин ХПВ-ийн халдвар өөрөө бэлгийн сулралын эрсдэлийг нэмэгдүүлдэг судалгаа бий.,There is no established study that the HPV vaccine causes sexual dysfunction; rather there are studies that HPV infection itself increases the risk of sexual dysfunction,0,HPV,0,MFCC,https://mfcc.mn/factcheck-1240/
"Хүний папиллома вирусийн вакцин үргүйдэлд хүргэдэггүй, нөхөн үржихүй, жирэмслэлтэд нөлөөлдөггүйг олон улсын судалгааны байгууллагууд тогтоож, аюулгүй байдлыг баталгаажуулсан.","International research organisations have established that the HPV vaccine does not cause infertility or affect reproduction or pregnancy, and have confirmed its safety",0,HPV,0,MFCC,https://mfcc.mn/factcheck-1222/
"Монголд Gardasil, Cervarix гэсэн хоёр ХПВ-ийн вакцин хийдэг бөгөөд Gardasil нь ХПВ-ийн 6, 11, 16, 18, Cervarix нь 16, 18-р хэв шинжээс хамгаалдаг.","Two HPV vaccines, Gardasil and Cervarix, are used in Mongolia; Gardasil protects against HPV types 6, 11, 16, 18, and Cervarix against types 16, 18",0,HPV,0,MFCC,https://mfcc.mn/factcheck-1131/
Япон улс ХПВ-ийн вакцинтай холбоотой судалгаа хийж аюулгүй хэмээн үзсэний үндсэн дээр 2022 оноос уг вакциныг дахин дархлаажуулалтын хөтөлбөртөө оруулсан.,"Japan conducted studies on the HPV vaccine, deemed it safe, and reinstated it into its immunisation programme from 2022",0,HPV,0,MFCC,https://mfcc.mn/factcheck-1210/
Сургууль дээр зохион байгуулагдсан ХПВ-ийн вакцинжуулалтаас хоцорсон бол өөрт ойр сум болон өрхийн эрүүл мэндийн төвд хандан үнэ төлбөргүй хамрагдах боломжтой.,"If a child misses the school-based HPV vaccination, they can receive it free of charge at their local district or family health centre.",0,HPV,0,NCCD (ХӨСҮТ),https://www.nccd.gov.mn/v/237ea7ga
Хүний хөхөнцөр вирусийн (HPV) вакцин нь зарим хорт хавдрын эрсдэлийг бууруулдаг.,The human papillomavirus (HPV) vaccine reduces the risk of some cancers.,0,HPV,0,NSW Health (Mongolian),https://www.health.nsw.gov.au/immunisation/Pages/vaccination-translations/mongolian.aspx
"Улаанбурхан, улаанууд, салхин цэцэг гэх мэт зарим вакцин олон арван жил, бүр насан туршийн дархлааг бий болгодог.","Some vaccines, such as those for measles, rubella and chickenpox, produce decades-long or even lifelong immunity.",0,measles,0,FactCheck.mn,https://factcheck.mn/post/8786
Улаанбурханы эсрэг вакцин ихэнх хүнд насан туршийн дархлаа бий болгосон бол Гепатит В-ийн вакцин дор хаяж 30 жил хамгаалдаг.,"The measles vaccine produces lifelong immunity in most people, while the hepatitis B vaccine protects for at least 30 years.",0,measles,0,FactCheck.mn,https://factcheck.mn/post/8789
"Монголд буй улаанбурхны вакцин мэргэжлийн байгууллагуудаар баталгаажсан бөгөөд хоёр тунд хамрагдсанаар улаанбурхан, улаануудын эсрэг 97%, гахайн хавдрын эсрэг 86%-ийн дархлаа тогтдог.","The measles vaccine in Mongolia is certified by professional bodies, and two doses provide 97% immunity against measles and rubella and 86% against mumps",0,measles,0,MFCC,https://mfcc.mn/factcheck-1776/
"Улаанбурхны вакцин хийлгэснээр улаанбурхан, улаанууд, гахайн хавдар гэсэн гурван төрлийн өвчний эсрэг дархлаа тогтож, олон хүнийг халдвараас хамгаалдаг.","The measles vaccine builds immunity against three diseases - measles, rubella and mumps - protecting many people from infection",0,measles,0,MFCC,https://mfcc.mn/factcheck-1771/
Улаанбурхны вакцин төв мэдрэлийн системд муу гэж дүгнэсэн судалгаа байхгүй бөгөөд ДЭМБ-ын дэргэдэх SAGE мэргэжилтнүүдийн бүлэг улаанбурхны вакцин хортой гэж мэдэгдээгүй.,"There is no study concluding the measles vaccine is bad for the central nervous system, and the WHO's SAGE expert group has not stated the measles vaccine is harmful",0,measles,0,MFCC,https://mfcc.mn/factcheck-1767/
"Вакцины тогтворжуулагч болгон ашигладаг лакталбумин гидролизат нь шар сүүний уургаас гарган авдаг амин хүчил, пептид юм.",Lactalbumin hydrolysate used as a vaccine stabiliser is an amino acid and peptide derived from whey protein,0,measles,0,MFCC,https://mfcc.mn/factcheck-1542/
Өргөн хэмжээний хэд хэдэн судалгаагаар улаанбурхан өвчний эсрэг вакцин аутизм үүсгэдэггүй нь батлагдсан.,Several large studies have confirmed that the measles vaccine does not cause autism,0,measles,0,MFCC,https://mfcc.mn/factcheck-1497/
"Улаанбурхны эсрэг вакциныг тусгай технологийн дагуу орц бүрийг нь нарийн хэмжиж үйлдвэрлэдэг бөгөөд аюулгүй байдлыг нь олон улсын байгууллага, эрүүл мэндийн мэргэжилтнүүд хянадаг.","The measles vaccine is manufactured with each ingredient precisely measured according to special technology, and its safety is monitored by international organisations and health experts",0,measles,0,MFCC,https://mfcc.mn/factcheck-1495/
"Улаанбурхан амархан халдварладаг, хурдан хүндэрч болзошгүй өвчин бөгөөд түүний эсрэг эм байхгүй тул урьдчилан сэргийлэх вакцинжуулалт нь дэгдэлтийг зогсоох үр дүнтэй арга юм.","Measles is a highly contagious, potentially rapidly severe disease with no cure, so preventive vaccination is an effective way to stop outbreaks",0,measles,0,MFCC,https://mfcc.mn/factcheck-1338/
"2015-2016 онд Монголд улаанбурхан өвчний томоохон дэгдэлт гарч олон нярай, нялхас эндсэн нь товлолт вакцинд хамрагдаагүйтэй шууд холбоотой байсан.","The large 2015-2016 measles outbreak in Mongolia, in which many infants died, was directly linked to children not receiving their routine vaccines.",0,measles,0,UNICEF Mongolia (ЮНИСЕФ),https://www.unicef.org/mongolia/mn
Олон улсад боломжтой байгаа томуугийн вакцинууд аюулгүй бөгөөд үйлчилгээ нь маш үр дүнтэй.,The influenza vaccines available internationally are safe and highly effective.,0,influenza,0,FactCheck.mn,https://factcheck.mn/post/6159
"Томуугийн эсрэг вакцин нь тухайн томуугийн улирлын ханиадны улмаас эмчид очих эрсдэлийг 40-60%, нас баралтыг 90 гаруй хувьтай бууруулдаг болон нь нотлогдсон.",The flu vaccine has been shown to reduce seasonal-flu doctor visits by 40-60% and deaths by more than 90%.,0,influenza,0,FactCheck.mn,https://factcheck.mn/post/8920
Монгол Улсад 2025 оны томуугийн улиралд ашиглаж буй БНСУ-ын 4 цэнт томуугийн вакцинуудад тиомерсал агуулагдаагүй бөгөөд тиомерсал агуулсан вакцин аутизмтай холбоогүй.,"The South Korean quadrivalent flu vaccines used in Mongolia's 2025 flu season do not contain thimerosal, and thimerosal-containing vaccines are not linked to autism",0,influenza,0,MFCC,https://mfcc.mn/factcheck-1679/
"Дархлаажуулалтын товлолт 7 вакцинаас 2 нь идэвхтэй-сулруулсан, 5 нь идэвхгүйжүүлсэн вакцин бөгөөд томуугийн вакцин ч идэвхгүйжүүлсэн вакцин тул бүгд «амьд вирус» гэдэг нь худал.","Of the 7 scheduled immunisation vaccines, 2 are live-attenuated and 5 are inactivated, and the flu vaccine is also inactivated, so calling them all 'live virus' is false",0,influenza,0,MFCC,https://mfcc.mn/factcheck-774/
Томуу бол инфлюэнза вирусээс үүсдэг амьсгалын замын халдварт өвчин бөгөөд түүнээс хамгаалах аюулгүй арга нь вакцин гэдгийг олон улсын эрүүл мэндийн байгууллагууд баталдаг; «вирусийн гаралгүй томуу» гэж байхгүй.,"Flu is a respiratory infection caused by the influenza virus, and international health organisations confirm the vaccine is the safe way to protect against it; there is no such thing as 'non-viral flu'",0,influenza,0,MFCC,https://mfcc.mn/factcheck-1692/
Хүүхэд насандаа вакцинд хамрагдсаны үр дүнд жил бүр 4 сая хүн нас барахаас сэргийлж байна.,Childhood vaccination prevents about 4 million deaths every year.,0,childhood,0,FactCheck.mn,https://factcheck.mn/post/8926
Европын орнууд 19 төрлийн вакцинаар хүүхдүүдийн дархлаажуулж байгаа ба төрснөөс 24 цагийн дотор Гепатит В-ийн эсрэг вакцин тарьдаг.,"European countries immunise children with 19 different vaccines, giving the hepatitis B vaccine within 24 hours of birth.",0,childhood,0,FactCheck.mn,https://factcheck.mn/post/8911
Вакцины найрлагад хөнгөн цагаан нэмэлтээр оруулснаар ямар нэгэн сөрөг нөлөө үзүүлдэггүй болохыг өнгөрсөн 60 жилийн судалгаа нотолно.,Sixty years of research proves that adding aluminium as an adjuvant to vaccines causes no adverse effects.,0,childhood,0,FactCheck.mn,https://factcheck.mn/post/6276
Хүүхэд байхдаа хийлгэсэн вакцины үр дүнд 4 сая хүнд жил бүр үхлийн аюулаас мултарч байна.,"Thanks to vaccines given in childhood, 4 million people escape a deadly threat every year.",0,childhood,0,FactCheck.mn,https://factcheck.mn/post/6173
Хүүхдийн товлолт вакцинуудын найрлагад кадми ордог талаар ямар нэгэн мэдээлэл алга.,There is no information that scheduled childhood vaccines contain cadmium,0,childhood,0,FactCheck.mn,https://factcheck.mn/post/6276
"Товлолт дархлаажуулалт нь олон халдварт өвчнөөс өөрийгөө болон үр хүүхдээ насан туршид нь хамгаалах, бусдад өвчин тараахаас сэргийлэх ач холбогдолтой.",Routine immunisation protects you and your children for life from many infectious diseases and prevents spreading disease to others.,0,childhood,0,Ministry of Health (ЭМЯ),https://www.moh.gov.mn/news/5223
"15 хүртэлх насны хүүхдэд хийдэг 11 өвчний эсрэг 7 төрлийн вакцин нь ДЭМБ-ын гэрчилгээтэй, олон улсад хүлээн зөвшөөрөгдсөн үйлдвэрийн бүтээгдэхүүн юм.",The 7 vaccines against 11 diseases given to children under 15 are WHO-certified and produced by internationally recognised manufacturers.,0,childhood,0,Ministry of Health (ЭМЯ),https://www.zindaa.mn/2hhf
"Монгол Улсын товлолын дархлаажуулалтаар хүүхэд бүрийг төрсөн цагаас нь эхлэн нас насанд нь тохирсон вакцинд үнэ төлбөргүй хамруулж, амь насанд аюултай халдварт өвчнөөс сэргийлдэг.","Under Mongolia's routine immunisation programme, every child receives age-appropriate vaccines free of charge from birth, protecting them from life-threatening infectious diseases.",0,childhood,0,Ministry of Health (ЭМЯ),https://news.mnb.mn/i/346576
"Монгол Улс 2005 онд сахуу-хөхүүл ханиад-татран-гепатит В-Хиб-ийн хавсарсан тавт, 2009 онд улаанбурхан-гахайн хавдар-улаануудын гуравт, 2012 онд гепатит А, 2016 онд пневмококкийн эсрэг вакцинуудыг заавал хийх дархлаажуулалтад нэвтрүүлсэн.","Mongolia introduced the pentavalent DPT-hepatitis B-Hib vaccine in 2005, the MMR in 2009, hepatitis A in 2012, and pneumococcal vaccine in 2016 into mandatory immunisation",0,childhood,0,NCCD (ХӨСҮТ),https://www.nccd.gov.mn/v/21d5g9hg
"Монгол Улсын заавал хийх дархлаажуулалтад сүрьеэ, полиомиелит, В ба А вируст гепатит, сахуу, хөхүүл ханиад, татран, улаанбурхан, гахайн хавдар, улаанууд, Хиб, пневмококк, хүний папиллома вирусын эсрэг вакцинууд ордог.","Mongolia's mandatory immunisation includes vaccines against tuberculosis, polio, hepatitis B and A, diphtheria, pertussis, tetanus, measles, mumps, rubella, Hib, pneumococcus and HPV",0,childhood,0,NCCD (ХӨСҮТ),https://www.nccd.gov.mn/v/21d5g9hg
"Хүүхдийг вакцинжуулснаар аюултай өвчнөөс хамгаалж, орчны хүмүүсийг хамгаалж, аюултай өвчнийг хянахад тусалдаг.","Vaccinating children protects them from dangerous diseases, protects the people around them, and helps control dangerous diseases.",0,childhood,0,NSW Health (Mongolian),https://www.health.nsw.gov.au/immunisation/app/Pages/vaccinate-on-time-mongolian.aspx
2016 оны байдлаар нэг хүртэлх насны ойролцоогоор 86% хүүхэд Сахуу-Хөхүүл ханиад-Татрангийн эсрэг вакцины гурван тунг авсан нь тэднийг эдгээр өвчнөөс хамгаалсан гэсэн үг.,"As of 2016, about 86% of children under one had received three doses of the DPT vaccine, meaning they were protected from these diseases",0,childhood,0,WHO Mongolia (ДЭМБ),https://www.who.int/mongolia/mn/health-topics/vaccines/10-facts-on-immunization
"Вакцины нөлөөгөөр хүний биеийн дархлаа муудах, үгүй болох гэсэн ойлголт байхгүй.",There is no such thing as vaccines weakening or destroying the body's immunity.,0,general,0,FactCheck.mn,https://factcheck.mn/post/8926
Улс орнуудын товлолт вакцинууд аутизм өвчнийг үүсгэдэггүй болохыг олон судалгаа нотолсон.,Many studies have proven that countries' routine vaccines do not cause autism.,0,general,0,FactCheck.mn,https://factcheck.mn/post/8911
Шинжлэх ухааны маш өргөн хүрээтэй судалгаагаар вакцинууд нь аутизмын спектрийн эмгэг(ASD)-ийн шалтгаан болох үндэслэлгүй байна.,Very extensive scientific research shows there is no basis for vaccines being a cause of autism spectrum disorder.,0,general,0,FactCheck.mn,https://factcheck.mn/post/8800
2024 онд Lancet сэтгүүлд хэвлэгдсэн судалгаагаар сүүлийн 50 жилд дархлаажуулалтын үр дүнд 154 сая хүний амь үхлээс аврагдсан байна.,"According to a 2024 study in The Lancet, immunisation saved 154 million lives over the past 50 years.",0,general,0,FactCheck.mn,https://factcheck.mn/post/8756
ДЭМБ-ын статистикаар вакцины тусламжтайгаар жил бүр 2-3 сая хүний амийг аварч байна.,"According to WHO statistics, vaccines save 2-3 million lives every year.",0,general,0,FactCheck.mn,https://factcheck.mn/post/8923
Зарим вакцин олон арван жил хамгаалдаг бол зарим нь насан туршийн дархлаа тогтоодог.,"Some vaccines protect for decades, while others confer lifelong immunity.",0,general,0,FactCheck.mn,https://factcheck.mn/post/8800
"Вакцинд агуулагдах формальдегидийн хэмжээ нь хүний ​​биед байгалиасаа эсвэл лийр, алим зэрэг энгийн хүнсний бүтээгдэхүүнд агуулагдах хэмжээнээс хамаагүй бага.",The amount of formaldehyde in a vaccine is far smaller than what occurs naturally in the body or in ordinary foods such as pears and apples.,0,general,0,FactCheck.mn,https://factcheck.mn/post/8744
"Вакцинууд аливаа өвчнөөс, нас баралтаас үр дүнтэй сэргийлдэг тул өнөөдрийг хүртэл улс орнууд зөвлөсөөр байна.","Vaccines effectively prevent disease and death, so countries continue to recommend them to this day",0,general,0,FactCheck.mn,https://factcheck.mn/post/8923
"Хамрын шүршдэг вакцины аюулгүй байдлыг судалгаа шинжилгээнд үндэслэн, мэргэжлийн байгууллагаар баталгаажуулсан бөгөөд вакцин аутизм үүсгэдэггүй, шалтгаант холбоо байхгүйг нарийвчилсан судалгаагаар нотолсон.","The safety of the nasal spray vaccine has been confirmed by professional bodies based on research, and detailed studies have proven the vaccine does not cause autism and there is no causal link",0,general,0,MFCC,https://mfcc.mn/factcheck-1856/
"Вакцинд агуулагдах вирусийн хэмжээ нь хүнд гэм хор учруулахааргүй сулруулсан байдаг тул дархлааны системийг өдөөж, өвчнөөс хамгаалахад тусалдаг.","The amount of virus in a vaccine is weakened so as not to cause serious harm, so it stimulates the immune system and helps protect against disease",0,general,0,MFCC,https://mfcc.mn/factcheck-1788/
"«Товлолт вакцинжуулалт» нь олон улсын эрүүл мэндийн байгууллагад албан ёсоор хэрэглэгддэг, шинжлэх ухааны үндэслэлтэй ойлголт бөгөөд Монгол Улсын Засгийн газрын 2023 оны 472 дугаар тогтоолоор баталсан.",'Scheduled immunisation' is a scientifically-based concept officially used by international health organisations and approved by Mongolian Government Resolution No. 472 of 2023,0,general,0,MFCC,https://mfcc.mn/factcheck-1647/
"Вакцинд агуулагдах бодисын хэмжээг нарийн судалж, хүнд аюул учруулахгүй байх хэмжээнд тохируулан үйлдвэрлэдэг бөгөөд эдгээр бодис нь аюулгүй байдал, үр нөлөөг хангах үүрэгтэй.","The amounts of substances in vaccines are carefully studied and adjusted to levels that cause no serious harm, and these substances serve to ensure safety and efficacy",0,general,0,MFCC,https://mfcc.mn/factcheck-1587/
Вакцинууд эсийн цөмөөс гадуур ажилладаг тул цөмд хадгалагддаг ДНХ-г өөрчлөх боломжгүй.,"Vaccines work outside the cell nucleus, so they cannot alter the DNA stored in the nucleus",0,general,0,MFCC,https://mfcc.mn/factcheck-1196/
"Вакцин нь амь насанд аюултай 20 гаруй өвчнөөс урьдчилан сэргийлж, бүх насны хүмүүсийг урт удаан эрүүл амьдрахад тусалдаг; вакцинжуулалтаа зогсоовол ховордсон олон өвчин дахин дэгдэх эрсдэлтэй.","Vaccines prevent more than 20 life-threatening diseases and help people of all ages live long, healthy lives; stopping vaccination risks the resurgence of many rare diseases",0,general,0,MFCC,https://mfcc.mn/factcheck-1148/
"Дархлаажуулалтын дараах урвал, хүндрэлийн ангилалд хордлогын шокийн хам шинжийн улмаас 48 цагийн дотор үхэлд хүргэсэн тохиолдол бүртгэгдээгүй.",No cases of death within 48 hours from toxic shock syndrome have been recorded in the classification of post-immunisation reactions and complications,0,general,0,MFCC,https://mfcc.mn/factcheck-1214/
"Эрх бүхий байгууллага бүх төрлийн вакциныг нарийвчлан шинжилж, аюулгүй ба үр дүнтэй болохыг баталсны дараа эмчилгээнд нэвтрүүлэхийг зөвшөөрдөг.",The regulator rigorously assesses every vaccine and only approves it for use after confirming that it is safe and effective.,0,general,0,NSW Health (Mongolian),https://www.health.nsw.gov.au/immunisation/Pages/vaccination-translations/mongolian.aspx
"Дэлхийн 194 орон бага насны хүүхдийг вакцинаар дархлаажуулж, хүүхдийн өвчлөл, эндэгдлийг эрс бууруулахад үнэтэй хувь нэмэр оруулж байна.","194 countries around the world immunise young children with vaccines, making a valuable contribution to greatly reducing childhood illness and death.",0,general,0,Ministry of Health (ЭМЯ),https://www.zindaa.mn/2hhf
"1970-аад оны эхээр сахуу, хөхүүл ханиад, татран, улаанбурхан, полиомиелит гэсэн таван өвчнөөр дэлхий даяар жил тутам 10 сая шахам хүүхэд нас барж байсныг дархлаажуулалтын хөтөлбөр эрс бууруулсан.","In the early 1970s nearly 10 million children died worldwide each year from five diseases - diphtheria, pertussis, tetanus, measles and polio - which the immunisation programme drastically reduced",0,general,0,NCCD (ХӨСҮТ),https://www.nccd.gov.mn/v/21d5g9hg
"Вакцин нь таны дархлааны системийг аюултай бактери, вирусыг таньж сургадаг бөгөөд ингэснээр халдварт өртсөн үед бие илүү хурдан, үр дүнтэйгээр уг халдвартай тэмцдэг.","Vaccines train your immune system to recognise dangerous bacteria and viruses, so that when infected the body fights the infection faster and more effectively",0,general,0,NSW Health (Mongolian),https://www.health.nsw.gov.au/immunisation/Pages/vaccination-translations/mongolian.aspx
"Амь насанд аюултай өвчин тусахаас өмнө вакцин хийлгэснээр аливаа хүндрэлээс сэргийлж, амь насанд учирч болзошгүй эрсдлийг бууруулах боломжтой.","By getting vaccinated before catching a life-threatening disease, you can prevent complications and reduce potentially life-threatening risks",0,general,0,NSW Health (Mongolian),https://www.health.nsw.gov.au/immunisation/Pages/vaccination-translations/mongolian.aspx
Вакцин хийлгэснээс хойш 1-3 долоо хоногийн дараа дархлаа тогтож эхэлдэг.,Immunity begins to develop 1-3 weeks after vaccination,0,general,0,NSW Health (Mongolian),https://www.health.nsw.gov.au/immunisation/Pages/vaccination-translations/mongolian.aspx
Эрх бүхий байгууллага вакциныг хэрэглээнд нэвтрүүлэхээс өмнө аюулгүй байдлын нарийн шалгалт хийж зөвшөөрөл олгодог бөгөөд нэвтэрсний дараа ч аюулгүй байдалд нь байнга хяналт тавьдаг.,"The authorised body conducts rigorous safety checks before approving a vaccine for use, and continues to monitor its safety after introduction",0,general,0,NSW Health (Mongolian),https://www.health.nsw.gov.au/immunisation/Pages/vaccination-translations/mongolian.aspx
"Вакцин нь бусад эмийн адил хөнгөн хэлбэрийн, түр хугацааны гаж нөлөө үүсгэдэг бөгөөд хүнд хэлбэрийн ноцтой гаж нөлөө үүсгэх нь ховор.","Like other medicines, vaccines cause mild, temporary side effects, and serious side effects are rare.",0,general,0,NSW Health (Mongolian),https://www.health.nsw.gov.au/immunisation/Pages/vaccination-translations/mongolian.aspx
Вакцин хийлгэснээр та өөрийгөө төдийгүй бусдыг хамгаалж байна гэсэн үг.,Getting vaccinated means you protect not only yourself but also others.,0,general,0,NSW Health (Mongolian),https://www.health.nsw.gov.au/immunisation/Pages/vaccination-translations/mongolian.aspx
"Дархлаажуулалтаас илүү үр дүнтэй, эрүүл мэндийн урьдчилан сэргийлэх дан ганц интервенц байхгүй.",There is no single preventive health intervention more effective than immunisation,0,general,0,WHO Mongolia (ДЭМБ),https://www.who.int/mongolia/mn/health-topics/vaccines/10-facts-on-immunization
Дархлаажуулалт нь жилд дунджаар 2-3 сая эндэгдлийг урьдчилан сэргийлж байна.,Immunisation prevents an average of 2-3 million deaths per year,0,general,0,WHO Mongolia (ДЭМБ),https://www.who.int/mongolia/mn/health-topics/vaccines/10-facts-on-immunization
"Дархлаажуулалт нь бүхий л насны хүн амыг суулгалт, татран, хөхүүл ханиад, улаанбурхан өвчний улмаас нас барахаас сэргийлдэг бөгөөд энэ бол хамгийн үр дүнтэй нийгмийн эрүүл мэндийн интервенц юм.","Immunisation protects people of all ages from dying of diarrhoea, tetanus, pertussis and measles, and is the most effective public health intervention",0,general,0,WHO Mongolia (ДЭМБ),https://www.who.int/mongolia/mn/health-topics/vaccines/10-facts-on-immunization
Хэрэв дархлаажуулалтын хамралт дэлхий дахинд сайжирвал нэмээд 1.5 сая эндэгдлийг сэргийлэх боломжтой.,"If immunisation coverage improves worldwide, an additional 1.5 million deaths could be prevented",0,general,0,WHO Mongolia (ДЭМБ),https://www.who.int/mongolia/mn/health-topics/vaccines/10-facts-on-immunization
"Дархлаажуулалт нь суулгалт, улаанбурхан, хатгалгаа, халдварт саа, хөхүүл ханиад зэрэг өвчнүүдээс сэргийлдэг.","Immunisation prevents diseases such as diarrhoea, measles, pneumonia, polio and pertussis",0,general,0,WHO Mongolia (ДЭМБ),https://www.who.int/mongolia/mn/health-topics/vaccines/10-facts-on-immunization
Пфайзер вакцины дараах үхэл Японд 751 хүрлээ,Deaths after the Pfizer vaccine have reached 751 in Japan,1,COVID,1,FactCheck.mn,https://factcheck.mn/post/4808
КОВИД-19-ийн вакцин вирусийн мутацийн эсрэг үр дүнгүй гэх нь шинжлэх ухааны үндэслэлгүй.,The claim that the COVID-19 vaccine is ineffective against viral mutations has no scientific basis.,0,COVID,1,iToim,https://itoim.mn/article/vhmwy/25976
"Путины охин нас барж, ОХУ-ын вакцины туршилт саатжээ",Putin's daughter died and Russia's vaccine trial was delayed.,1,COVID,1,MFCC,https://mfcc.mn/factckeck-27/
COVID-19 вакцины эрүүл мэндэд үзүүлэх нөлөөний талаарх хамгийн том судалгаа дуусчээ. Эрдэмтэд дэлхий даяар вакцин хийлгэсэн 99 сая хүний мэдээллийг судалсан бөгөөд “УГ ВАКЦИНЫГ ХҮНД ХИЙХ НЬ АЮУЛТАЙ,"Vaccine study results were misinterpreted to mislead citizens: out of 99 million people, 190 cases of Guillain-Barré syndrome (peripheral nerve damage / paralysis, an autoimmune condition) appeared where 76 would be expected — meaning it rose from 1 to 2 cases per million.",1,COVID,1,FactCheck.mn,https://factcheck.mn/post/8941
Их Британи 12-ос доош насны хүүхдүүдэд КОВИД-19-ийн вакцин хийхийг хориглосон,The UK has banned giving the COVID-19 vaccine to children under 12.,1,COVID,1,FactCheck.mn,https://factcheck.mn/post/6336
Файзер компаний албан ёсны судалгааны мэдээллээс файзер тариулсан хүүхдүүд ковид 19-р өвдөж нас барсан хүүхдийн тооноос 107 дахин өндөр гарсан байна!," According to Pfizer's own official study data, deaths of Pfizer-vaccinated children came out 107 times higher than the number of children who died from COVID-19!",1,COVID,1,FactCheck.mn,https://factcheck.mn/post/6285
"VEARS системд 1015467 гэсэн дугаараар бүртгэсэн, хоёр сартай хүүхдийн тохиолдлыг шалгахад вакцин хийлгэснийхээ дараа нас бараагүй.","Checking the case of a two-month-old child registered in the VAERS system under number 1015467, the child did not die after being vaccinated. ",1,COVID,1,FactCheck.mn,https://factcheck.mn/post/6102
КОВИД-19-ийн вакцин вирусээс 2 дахин олон хүний аминд хүрсэн,The COVID-19 vaccine has killed twice as many people as the virus,1,COVID,1,FactCheck.mn,https://factcheck.mn/post/6180
"АНУ-ын Халдварт өвчний хяналт, сэргийлэлтийн төвийн судалгаагаар КОВИД-19-ийн вакцин хүүхдийн зүрхний булчингийн үрэвсэл буюу миокардит үүсэх шалтгаан болж байна","According to a US CDC study, the COVID-19 vaccine is causing inflammation of the heart muscle (myocarditis) in children.",1,COVID,1,FactCheck.mn,https://factcheck.mn/post/5818
"Pfizer компанийн ажилчдын цахим шуудан задарч, тус компанийн COVID-19-ийн вакцинд ургийн эсүүд агуулагддаг болох нь тогтоогдсон","Pfizer employees' emails leaked, and it was found that the company's COVID-19 vaccine contains fetal cells.",1,COVID,1,FactCheck.mn,https://factcheck.mn/post/5811
Pfizer-BioNTech COVID-19 вакциныг эрт нэвтрүүлэх үед вакцины тунд хамрагдсан жирэмсэн эмэгтэйчүүд хүүхдээ алдсан,"When the Pfizer-BioNTech COVID-19 vaccine was first rolled out, pregnant women who received a dose lost their babies.",1,COVID,1,FactCheck.mn,https://factcheck.mn/post/5612
Америкийн моргийн ажилтан вакцинтай хүн гэнэт нас барсан хүний бие судас дотроос 1-2 метрийн урт үл мэдэх резин шиг шимэгч олдож байгаа,An American mortuary worker is finding unknown rubber-like 1-2 metre parasites inside the blood vessels of vaccinated people who died suddenly.,1,COVID,1,FactCheck.mn,https://factcheck.mn/post/5518
"Pfizer, AstraZeneca, Sinopharm & Sputnik вакциныг микроскопоор томруулан хараад их хэмжээний графен (хар тугалга шиг). Ихэнх хүмүүс цус нь бүлэгнэж, зүрх нь гэнэт зогсоод байгаа үндсэн шалтгаан болоод байгаа","Magnifying the Pfizer, AstraZeneca, Sinopharm & Sputnik vaccines under a microscope shows large amounts of graphene (like lead). It is the main reason most people's blood clots and their hearts suddenly stop.",1,COVID,1,FactCheck.mn,https://factcheck.mn/post/5489
КОВИД-19-ийн эсрэг вакцин хийлгэсэн хүмүүс вакцинаас үүдэлтэй дархлалын олдмол хомсдлын нэг хэлбэрт өртөж болзошгүй,People vaccinated against COVID-19 may be exposed to a vaccine-induced form of acquired immunodeficiency.,1,COVID,1,FactCheck.mn,https://factcheck.mn/post/5545
КОВИД-19 вакцинд ХДХВ-ийн халдвар байгаа гэж BBC мэдээлсэн,the BBC reported that the COVID-19 vaccine carries HIV infection.,1,COVID,1,FactCheck.mn,https://factcheck.mn/post/5538
Өдөрт олон амьсгалах нь зүрхний шигдээс болох эрсдлийг нэмэгдүүлдэг тухай өгүүлсэн BBC news,A BBC News piece said that breathing many times a day increases the risk of a heart attack.,1,COVID,1,FactCheck.mn,https://factcheck.mn/post/5524
Вакцин хийлгэсэн хүмүүс вакцинд хамрагдаагүй хүмүүсээс илүүтэй омикроноор өвчилж байна,Vaccinated people are catching Omicron more than unvaccinated people.,1,COVID,1,FactCheck.mn,https://factcheck.mn/post/5379
Европын Эмийн агентлаг 2021.01.11-нд коронавирусийн эсрэг вакцины дөрөв дэх тунг хийх шаардлагатай эсэхэд эргэлзэж эхэлсэн,"There is information that the European Medicines Agency began, on 2021-01-11, to doubt whether a fourth dose of coronavirus vaccine is needed. Its research materials state that the fourth dose of the vaccine was found to weaken immunity.",1,COVID,1,FactCheck.mn,https://factcheck.mn/post/5319
Германд Омикроны халдвар авсан хүмүүсийн 96% нь вакцины бүрэн тунтай байсан,"In Germany, 96% of those infected with Omicron were fully vaccinated",1,COVID,1,FactCheck.mn,https://factcheck.mn/post/5293
Ш.Гантулга корона вирусын вакцины аюулыг ил болголоо,Sh.Gantulga has exposed the dangers of the coronavirus vaccine,1,COVID,1,FactCheck.mn,https://factcheck.mn/post/4955
мРНА вакцин тариулсан хүмүүс 3 жилийн дотор үхнэ,people who got the mRNA vaccine will die within three years,1,COVID,1,FactCheck.mn,https://factcheck.mn/post/4880
"Вакцин COVID-19-ийн халдварыг улам тархааж, нас баралтын шалтгаан болсон",The vaccine spread COVID-19 infection further and caused deaths,1,COVID,1,FactCheck.mn,https://factcheck.mn/post/4843
"Дельтагийн дэгдэлтийн шинэ голомтоор Украиныг ДЭМБ тодрууллаа, прогноз тийм л байна. Украины хэрэглэсэн вакцин манайтай усны дусал шиг адилхан, барууны цөөн тооны вакцин за тэгээд жунгаа вакцинанд бүх нийтийг хамруулсан, огтхон ч үр дүнгээ өгөөгүй","The WHO has named Ukraine as a new hotspot of the Delta outbreak, and that's the forecast. The vaccine Ukraine used is exactly like ours, a handful of Western vaccines plus the junk vaccine given to everyone, and it had absolutely no effect.",1,COVID,1,FactCheck.mn,https://factcheck.mn/post/4799
Уханий хатгалгаа өвчин ( уушиг муу 450 хүний амь авсан!) болон коронавирус хэмээх нэг ч үхэлгүй ханиад хоёроо ялгаж салгаж ойлгооч!!!,"Please learn to tell the difference between the Wuhan pneumonia (which killed 450 people with bad lungs!) and the coronavirus, which is a cold that has killed no one at all!!!",1,COVID,1,FactCheck.mn,https://factcheck.mn/post/4773
"Ахиад л Синофарм. Энэ вакцинаас болоод бараг бүгд өвдлөө, уушги, амьсгалын системд сэв суулаа. Ахиад ингэж өвдвөл үхэхэд бэлэн болцгоолоо. Одоо хүүхдүүдийн ээлж үү? Тэдний балчир бага бие бялдар яаж давж гарах вэ? Эрсдэлтэй тул хүүхдүүдэд Синофарм хийхгүй гэсэн яасан бэ? Хятадын ЭМЯ-тай илүү хамтын ажиллагаагаа өргөтгөнө гээд байсан нь энэ юм байж л дээ.","Sinopharm again. Because of this vaccine almost everyone got sick, with damage to the lungs and respiratory system. If we get this sick again, get ready to die. Now it's the children's turn? How will their small young bodies get through it? Since it's risky, why not say Sinopharm won't be given to children? They said they'd expand cooperation with China's Health Ministry — so that's what it was.",1,COVID,1,FactCheck.mn,https://factcheck.mn/post/4740
"mRNA, vector дээр суурилсан вакцин хүний генд онцгой өөрчлөлт оруулна",mRNA and vector-based vaccines make drastic changes to human genes,1,COVID,1,FactCheck.mn,https://factcheck.mn/post/4708
"Монгол Улсыг CNN-ээр Хятад вакцины туршилтад ороод улсаараа сүйрч байгаа гэдгийг зарлачихлаа даа, хөөрхий дөө мунхаг ард түмэн","It's been announced on CNN that Mongolia is collapsing as a whole country after entering a Chinese vaccine trial — oh, the poor ignorant people.",1,COVID,1,FactCheck.mn,https://factcheck.mn/post/4669
"Pfizer-ийн ахлах эрдэмтэн асан Майк Иедон ""Ковид-19 вакцин"" хэмээх бодис тарьсан хүмүүсийг аврах нь одоо оройтсон гэсэн",Former senior Pfizer scientist Mike Yeadon said it is now too late to save people injected with the 'COVID-19 vaccine',1,COVID,1,FactCheck.mn,https://factcheck.mn/post/4639
Турк Хятад вакцин хийлгээд хиарсан гэнэ,Turkey supposedly collapsed after using the Chinese vaccine,1,COVID,1,FactCheck.mn,https://factcheck.mn/post/4362
Жирэмсэн хүмүүст вакцины үр дүнгийн мэдрэг байдлын судалгаа хийгдэж байна. Вакцин хийлгэсэн бол жирэмсэн болохоос аль болох хамгаалах хэрэгтэй,"Research is being done on the sensitivity of the vaccine's effects in pregnant people. If you've been vaccinated, you should protect yourself as much as possible against becoming pregnant.",1,COVID,1,FactCheck.mn,https://factcheck.mn/post/4211
"КОВИД-ын вакцины дараа сувилагч бүсэлхийнээс доош мэдээгүй болсон, Онцгойгийн ажилтны зүрх хаагдсан",After the COVID vaccine a nurse became paralysed below the waist and an emergency worker's heart stopped,1,COVID,1,FactCheck.mn,https://factcheck.mn/post/4024
Ихэвчлэн 26 хүртэлх насанд хүний папиллома вирусийн эсрэг вакциныг хийлгэхийг зөвлөдөг.,The HPV vaccine is generally recommended up to the age of 26.,0,HPV,0,iToim,https://itoim.mn/a/2024/08/20/society/idz
"2011-2012 онд ХПВ-ийн эсрэг вакциныг иргэний нас, хүйс, эрүүл мэндийн эрсдэлд суурилан 1-3 тунгаар, ДЭМБ-ын зөвлөмжийн дагуу 6-12 сарын зайтай хийж байсан.","In 2011-2012 the HPV vaccine was given in 1-3 doses based on age, sex and health risk, with a 6-12 month interval as recommended by the WHO.",0,HPV,0,iToim,https://itoim.mn/a/2024/08/20/society/idz
"Япон улсад умайн хүзүүний хорт хавдрын эсрэг вакциныг аль эрт эсэргүүцэж, зогсоосон","In Japan, the cervical cancer (HPV) vaccine was opposed and stopped long ago.",1,HPV,0,FactCheck.mn,https://factcheck.mn/post/8893
"Томуу шиг агаараар тусдаг өвчин биш. Замбараагүй байдал, бэлгийн замбараагүй харилцаа, биеэ авч явж чадахгүй байдлаас үүсдэг өвчин”.","'It is not an airborne disease like the flu. It is a disease caused by disorderly living, sexual promiscuity, and inability to conduct oneself.' [about HPV/cervical cancer]",1,HPV,0,FactCheck.mn,https://factcheck.mn/post/8792
"Иргэдийг хоморголон устгахын тулд шууд буудаад алж чадахгүй учраас вакцин гэж хийж байгаа. Томчуудад нь хийсэн. Одоо хүүхдүүдийг нь алах гэж байна”, “Энэ Засгийн газар ард түмнийг хоморголон устгахын тулд биологийн зэвсэг ашиглаж байгаа”.","'They can't just shoot and kill people outright, so they're doing it with vaccines. They did it to the adults. Now they're going to kill the children,' 'This government is using a biological weapon to exterminate the people.'",1,HPV,0,FactCheck.mn,https://factcheck.mn/post/8756
ДЭМБ-ын тооцоолсноор улаанбурхны эсрэг вакцин байгаагүй бол дэлхий даяар 98 сая хүний амь нас үрэгдэх байсан.,"The WHO estimates that without the measles vaccine, 98 million people worldwide would have died.",0,measles,0,iToim,https://itoim.mn/a/2025/07/01/health/jzo
"Улаанбурхны эсрэг вакцин амь насыг хамгаалж, хүн төрөлхтний өмнө маш том гавьяа байгуулсан.",The measles vaccine has saved lives and made a great contribution to humanity.,0,measles,0,iToim,https://itoim.mn/a/2025/07/01/health/jzo
Улаанбурхан маш хурдтай тархдаг ч вакцины хоёр тунг бүрэн хийлгэснээр өвчнөөс өөрийгөө болон хүүхдээ бүрэн хамгаалах боломжтой.,"Although measles spreads very fast, getting both doses of the vaccine fully protects you and your children from the disease.",0,measles,0,iToim,https://itoim.mn/a/2025/07/01/health/jzo
Улаанбурхан амьсгалын замаар халддаг тул вакцингүй бол өвчнийг эсэргүүцэх дархлаа тогтдоггүй.,"Measles spreads through the air, so without the vaccine no immunity against the disease develops.",0,measles,0,iToim,https://itoim.mn/a/2024/08/07/healthy-mongolia/gqx
Улаанбурхны вакцины дархлаажуулалт ойролцоогоор 15 жилийн хугацаанд тухайн өвчнөөс хамгаалдаг.,The measles vaccine protects against the disease for about 15 years.,0,measles,0,iToim,https://itoim.mn/a/2025/03/12/healthy-mongolia/pfl
Есөн сартайдаа товлолт вакцинд хамрагдсан хүүхдүүдэд 14-21 хоногийн дараа вакцины дархлаа тогтож эхэлдэг.,"In children who receive the routine vaccine at nine months, vaccine immunity begins to form 14-21 days later.",0,measles,0,iToim,https://itoim.mn/a/2025/03/12/healthy-mongolia/pfl
Эхний дархлаажилт тогтсоны дараа хоёр дахь вакцинаа хийлгэж байж бүрэн дархлаажилт тогтдог.,Full immunity forms only after the second dose is given following the first.,0,measles,0,iToim,https://itoim.mn/a/2025/03/12/healthy-mongolia/pfl
Хүүхдүүд товлосон хугацаандаа улаанбурхны вакцинд хамрагдвал уг өвчнөөс урьдчилан сэргийлэх боломжтой.,"If children get the measles vaccine on schedule, the disease can be prevented.",0,measles,0,iToim,https://itoim.mn/a/2025/03/12/healthy-mongolia/pfl
"Улаанбурхны вакцин нь зөвхөн улаанбурхан биш, гахайн хавдар, улаанууд өвчнөөс мөн хамгаалдаг.",The measles vaccine protects not only against measles but also against mumps and rubella.,0,measles,0,iToim,https://itoim.mn/a/2025/03/12/healthy-mongolia/pfl
"Томуугийн вакцин сүүлийн жар гаруй жилийн хугацаанд хэрэглэгдэж байгаа бөгөөд томуугаар өвдөх, халдвар авахаас сэргийлдэг.",The flu vaccine has been in use for more than sixty years and prevents catching and falling ill with influenza.,0,influenza,0,iToim,https://itoim.mn/article/7AtYk/23040
"Томуугийн вакцин нэг жилийн турш хүний биед дархлаа тогтоож, ханиад томуугаас сэргийлдэг биологийн бэлдмэл юм.",The flu vaccine is a biological preparation that gives the body one year of immunity and prevents colds and flu.,0,influenza,0,iToim,https://itoim.mn/article/6mS4l/14267
Жирэмсэн болон хөхүүл үед томуугийн вакцин хийлгэж болно.,The flu vaccine can be given during pregnancy and breastfeeding.,0,influenza,0,iToim,https://itoim.mn/article/6mS4l/14267
"Томуу хоёр янз байгаа. Вирусийн гаралтай, вирусийн гаралгүй. Вирусийн гаралгүй бол ерөөсөө эмчилгээ бичих шаардлага байхгүй",There are two kinds of flu — viral and non-viral; for non-viral flu there is no need to prescribe any treatment.,1,influenza,0,MFCC,https://mfcc.mn/factcheck-1692/
"Дархлаажуулалтын гол зорилго нь хүүхэд бүрийг халдварт өвчнөөс урьдчилан сэргийлэх, дархлаажуулалтад бүрэн хамруулах явдал юм.",The main aim of immunisation is to protect every child from infectious disease and to cover them fully with vaccination.,0,childhood,0,iToim,https://itoim.mn/a/2025/07/01/health/jzo
Үндэсний товлолт вакцин үнэ төлбөргүй бөгөөд нөхөн дархлаажуулалт ч мөн үнэгүй байдаг.,"The national routine vaccines are free of charge, and catch-up vaccination is also free.",0,childhood,0,iToim,https://itoim.mn/a/2025/03/12/healthy-mongolia/pfl
"Нэг дор хэд хэдэн вакциныг зэрэг тарих нь эмчид үзүүлэх давтамжийг бууруулж, цаг хугацаа, хөрөнгө мөнгө хэмнэдэг.",Giving several vaccines at once reduces the number of doctor visits and saves time and money.,0,childhood,0,iToim,https://itoim.mn/article/7AtYk/23040
0-30 ХОНОГТОЙД ВАКДУУЛСАН ХҮҮХДҮҮД ВАКДУУЛААГҮЙТЭЙ НЬ ХАРЬЦУУЛАХАД 10000% ИЛҮҮ ӨВЧЛӨМТГИЙ БАЙСАН. БАГА РОБЕРТ К.,"CHILDREN VACCINATED IN THEIR FIRST 0-30 DAYS WERE 10,000% MORE PRONE TO ILLNESS THAN THE UNVACCINATED. — ROBERT KENNEDY JR.",1,childhood,0,FactCheck.mn,https://factcheck.mn/post/8906
Дархлаажуулалт нь зөвхөн хувь хүний төдийгүй нийт нийгмийн эрүүл мэндийг хамгаалах чухал алхам юм.,Immunisation is an important step that protects not only the individual but the health of society as a whole.,0,general,0,iToim,https://itoim.mn/a/2025/07/01/health/jzo
Дархлаажуулалтын мэргэжилтнүүдийн үзэж байгаагаар вакцин бол аюулгүй.,"According to immunisation experts, vaccines are safe.",0,general,0,iToim,https://itoim.mn/article/7AtYk/23040
Хэрэв хүн амын дархлаа тогтцыг зохих түвшинд хүргэж чадахгүй бол вакцинаар сэргийлдэг өвчнүүд эргэн тархах эрсдэлтэй.,"If population immunity is not kept at a sufficient level, vaccine-preventable diseases risk returning.",0,general,0,iToim,https://itoim.mn/article/7AtYk/23040
"Хэрэв хүмүүс вакцинд хамрагдахгүй бол хөхүүл ханиад, халдварт саа, улаанбурхан зэрэг мартагдсан өвчнүүд эргэн тархаж болзошгүй.","If people do not get vaccinated, forgotten diseases such as whooping cough, polio and measles could return.",0,general,0,iToim,https://itoim.mn/article/7AtYk/23040
Вакцинд хамрагдах хоёр үндсэн шалтгаан бол өөрийгөө болон эргэн тойрны хүмүүсээ хамгаалах явдал юм.,The two main reasons to get vaccinated are to protect yourself and the people around you.,0,general,0,iToim,https://itoim.mn/article/7AtYk/23040
"Энэ бол олон цэнт вакцины найрлаганд хамгийн өргөн хэрэглэгддэг, аюулгүй нь бүрэн нотлогдсон бодис юм.","This is the most widely used ingredient in multivalent vaccines, and its safety has been fully proven.",0,general,0,iToim,https://itoim.mn/article/7AtYk/23040
"Зохих нөхцөлд хадгалах нь вакцины үйлчлэл, аюулгүй байдал, үр дүнг бүрэн хадгалах үндэс болдог.","Proper storage is the basis for fully preserving a vaccine's action, safety and effectiveness.",0,general,0,iToim,https://itoim.mn/a/2025/07/01/health/jzo
"Архи, спирт чинь вакцины хорны эсрэг бодис байсан байна шүү дээ. Ийм л АУ, ШУ Монголд үйлчилж байна даа",Alcohol/spirits turned out to be an antidote to the vaccine's poison — this is the kind of medical science operating in Mongolia.,1,general,0,MFCC,https://mfcc.mn/factcheck-1789/
Ц.Өлзийтогтох: Товлолт вакцин гэдэг шинжлэх ухааны ойлголт дэлхий дээр байхгүй,Ts.Ulziitogtokh: 'routine vaccination' is not a scientific concept that exists anywhere in the world,1,general,0,FactCheck.mn,https://factcheck.mn/post/9159
"Вакцины хоруу чанар маш их нэмэгдэж, хуучныхтай огт адилгүй болсон",Vaccines have become far more toxic and are completely unlike the old ones,1,general,0,FactCheck.mn,https://factcheck.mn/post/8914
"Монголд төрж өсөж буй 10 хүүхдийн 4 нь аутизм-тай болж байгаа гэж сэтгэцийн эмч нар хэлж байгаа шүү…гамшиг биш гэж үү!?!? ………………………… Нярайг төрөөд 24 цаг болоогүй байхад 3 хор нэг дор шхчихаад “угаасаа аутизмтай, элдэв өвчтэй төрсөн” гэж хуцаж, эрэмдэг зэрэмдэг болсны шалтгааныг нь байчхаад утаа руу хүртэл чихэж байгаа. Тэгвэл 3 сар хүртэл нь ямар ч вкцин хийхгүй байх туршилт явуулахыг төр засгаас шаардацгаая.","Psychiatrists say 4 out of every 10 children born and raised in Mongolia are becoming autistic — isn't that a catastrophe?! They cram three poisons at once into a newborn less than 24 hours old, then claim the child was 'born autistic or sick' and even blame smoke for the disability. Let's demand the state run a trial of giving no vaccines at all until 3 months of age.",1,general,0,FactCheck.mn,https://factcheck.mn/post/8911
О наснаас товлолт вакцин шахуулсан хүүхдүүд анхаарал төвлөрөлт муутай,Children given routine vaccines from birth have poor concentration,1,general,0,FactCheck.mn,https://factcheck.mn/post/8903
Бидний үр хүүхэд туршилтын харх биш !!!” гэсэн лайв видеог 2024.11.23-нд хийсэн.,'Our children are not lab rats!!!' — posted as a live video on 2024-11-23.,1,general,0,FactCheck.mn,https://factcheck.mn/post/8900
"Вакцинжуулалт бол дархлаажуулалт биш болсон гэдгийг Японд сурдаг эрдэмтэд гаргаж ирж байгаа. Нямбаяр гэж Японд сурдаг доктор бас хэлсэн байгаа, вакцинжуулалт бол дархлаажуулалт биш гэж. Нямбаяр гээд дархлаа судлаач бол АШУҮИС-ийн зөвлөх профессор хүн юм байна” гэж Бадарч Бямбадулам хэлээд “Одоогоор дархлааг гаднаас дэмжих боломжгүй. Ихэнх тохиолдолд дархлаа дэмжинэ гэсэн бэлдмэлүүд нь шинжлэх ухааны нотолгоогүй бизнесийн шинж чанартай байдаг.","It is currently not possible to boost immunity from outside. In most cases the products claiming to boost immunity are commercial in nature with no scientific proof. Even worldwide, such products are not given to indigenous populations. People don't understand that you cannot forcibly restore or repair your immunity the way you fix a car. They mistakenly think an injection cures everything.",1,general,0,FactCheck.mn,https://factcheck.mn/post/8886
"ҮСХ-ны судалгаагаар 10000 хүн тутамд шинээр илэрч байгаа хавдрын тоо сүүлийн 2013 оноос хойш огцом өөрчлөгдөөгүй. Аль ч вакцин таны ДНХ-тэй ямар нэгэн байдлаар харилцан үйлчлэлцдэггүй бөгөөд өөрчилдөггүй тул хорт хавдар үүсгэдэггүй. Вакцин хорт хавдрыг өдөөж, өсгөдөг гэдэг ямар ч мэдээлэл байхгүй.","According to National Statistics Office data, the number of newly detected cancers per 10,000 people has not changed sharply since 2013. No vaccine interacts with or alters your DNA in any way, so it does not cause cancer. There is no information that vaccines trigger or promote cancer.",1,general,0,FactCheck.mn,https://factcheck.mn/post/6432
"Вакцин хүүхдүүдийн үхлийг 8,200% өсгөсөн","The vaccine increased child deaths by 8,200%",1,general,0,FactCheck.mn,https://factcheck.mn/post/6343
Хөхний сүүгээр дамжин нялх хүүхдүүд вакцинд хордож байгаа,Infants are being poisoned by the vaccine through breast milk,1,general,0,FactCheck.mn,https://factcheck.mn/post/6265
Вакцин хийлгэсэн 2 хүн тутмын 1нь сэтгэцийн асуудалтай,One in every two vaccinated people has a mental-health problem,1,general,0,FactCheck.mn,https://factcheck.mn/post/6163
"Баримтыг нягтлагч олон улсын анхны санаачлагч Poynter институт цар тахлын үед олон нийтийн сүлжээнд гарч байгаа ташаа мэдээллийг нягталж, олон нийтэд хүргэх ажлыг түүчээлж буй. Өнгөрсөн хугацаанд олон нийтэд ташаа мэдээлэл хүргэж ирсэн АНУ-ын подкастын хөтлөгч уучлалт гуйсан талаар Poynter 2022.02.01-нд мэдээлснийг хүргэе.","The Poynter Institute, the first international initiative for fact-checking, is leading the work of checking misinformation on social media during the pandemic and bringing it to the public. Poynter reported on 2022-02-01 that a US podcast host who had spread inaccurate information to the public apologised.",1,general,0,FactCheck.mn,https://factcheck.mn/post/5363
"Жирэмсэн эхчүүд өөртөө ямар ч химийн хорт бодис вакцин бүү шахуулаачээ. Бас эрүүл саруул шинэ нялх үрсдээ төрөнгүүт нь элдэв өвчний вирус химийн хорт бодис хүнд металлын орцтой вакцин бүүр тариулаачээ. Жирэмсэн эхэд бас нялхаст төрөнгүүт нь химийн хор шахаж хордуулан элдэв өвчин генийн гажигт өртүүлчээд төрөлхийн гэнийн гажиг, шалтгаан тодорхойгүй өвчин бла бла гээд вакциныхаа гаж нөлөө хор нөлөөг нууж тархи угаагаад бна шүү дээ энэ ВАКЦИН- чин оркууд.","Pregnant mothers, do not let anyone inject you with vaccines full of chemical poisons. And do not let your healthy newborn babies be injected right after birth with vaccines containing disease viruses, chemical poisons and heavy metals. They inject pregnant mothers and newborns with chemical poison, exposing them to all sorts of disease and genetic defects, then hide the harms by calling it 'congenital genetic defects' and 'illness of unknown cause' — these VACCINE orcs are brainwashing us.",1,general,0,FactCheck.mn,https://factcheck.mn/post/5239
Эдгэрснээс 6 сар дотор вакцин хийлгэвэл дархлаа тогтоц тасалддаг,Getting vaccinated within six months of recovery disrupts the formation of immunity,1,general,0,FactCheck.mn,https://factcheck.mn/post/5164
Вакцин хийлгэсэн хүний тоогоор ДЭМБ Засгийн газарт 2000 доллар өгдөг,The WHO pays the government 2000 dollars per vaccinated person,1,general,0,FactCheck.mn,https://factcheck.mn/post/5141
Бүүстер тунг ДОХ-той хүмүүст л хийдэг,Booster doses are only given to people with AIDS,1,general,0,FactCheck.mn,https://factcheck.mn/post/5094
Вакцин унаган дархлааг дарангуйлж өвчинд өртөмхий болгодог,Vaccines suppress innate immunity and make people more susceptible to disease,1,general,0,FactCheck.mn,https://factcheck.mn/post/4988
"Дани, Герман, Швед, Афганистан, Япон вакциныг халсан","Denmark, Germany, Sweden, Afghanistan and Japan have abolished the vaccine",1,general,0,FactCheck.mn,https://factcheck.mn/post/4947
ДЭМБ 18 нас хүрээгүй хүүхдүүдийг вакцинжуулалтад хамруулахгүй байхыг зөвлөлөө,The WHO advised against vaccinating children under 18,1,general,0,FactCheck.mn,https://factcheck.mn/post/4679
"Вакциныг албадан хийж байгааг Нюрнбергийн шүүхээр ""Хоморголон устгах гэмт хэрэг"" гэж үзэн шүүж байна",Mandatory vaccination is being tried as a 'crime of genocide' at a Nuremberg court,1,general,0,FactCheck.mn,https://factcheck.mn/post/4568
Монголд вакцин хийлгэсэн иргэдийн гаранд соронз тогтож байна,Magnets stick to the arms of vaccinated people in Mongolia,1,general,0,FactCheck.mn,https://factcheck.mn/post/4596
"Монголд товлолт вакцинаас, 20 мянган хүүхэд аутизматай болж байна","In Mongolia, 20,000 children are becoming autistic from routine vaccines",1,general,0,FactCheck.mn,https://factcheck.mn/post/4433
ДЭМБ бол Хятадын Цэц! Харин хортой гэдгийг нь эрдэмтэд хэлээд эхэлчихлээ,"The WHO is China's puppet, and scientists have started saying the vaccine is harmful",1,general,0,FactCheck.mn,https://factcheck.mn/post/4345
Ерөнхий сайд: Дархлаажуулалтын хүчин чадлыг ХОЁР ДАХИН НЭМЭГДҮҮЛНЭ VS ЭМЯ: Дархлаажуулалтыг 15 хоногийн хугацаанд түр зогсооно,"PM: immunisation capacity will be doubled, vs Ministry of Health: immunisation will be paused for 15 days",1,general,0,FactCheck.mn,https://factcheck.mn/post/4215
Вакцинжуулалт бол дархлаажуулалт биш халдваржуулалт мөн,Vaccination is not immunisation but infection,1,general,0,FactCheck.mn,https://factcheck.mn/post/4202
"Ж.Занаа: Вакцин хийлгэсэнээр ДОХ-н синдром, дархлааны хомсдол гаж нөлөө болж илрэх болно",J.Zanaa: vaccination will cause AIDS syndrome and immune deficiency as side effects,1,general,0,FactCheck.mn,https://factcheck.mn/post/4102
УИХ-ын гишүүн М.Оюунчимэг: ДЭМБ-ын хүлээн зөвшөөрсөн 3 вакциныг авах бололцоо бий,MP M.Oyunchimeg: it is possible to obtain the three WHO-approved vaccines,1,general,0,FactCheck.mn,https://factcheck.mn/post/3958
Вакцин хийнэ гэдэг чинь хүний дархлалын системийг сөнөөнө гэсэн үг,Getting vaccinated means destroying the human immune system,1,general,0,FactCheck.mn,https://factcheck.mn/post/3945
"Ж.Занаа: Д, Ц аминдэм байхад л болоод байгаа юмыг заавал вакцин гэж дайраад байх юм","J.Zanaa: vitamins D and C are enough, so there is no need to push vaccines",1,general,0,FactCheck.mn,https://factcheck.mn/post/2112
"Элэг, уушгины хорт хавдрыг хүний өөрийнх нь дархлааны эд эсэнд ургуулсан эд эсээр тарьж эмчилж эхэлснийг Путин зарласан",Putin announced that liver and lung cancers have begun to be treated by injecting tissue grown from the patient's own immune cells.,1,cancer,0,MFCC,https://mfcc.mn/factcheck-1766/
Хүн төрөлхтний түүхэнд анх удаагаа ОХУ хорт хавдрын вакцин бүтээснээ зарлав,Russia announced it has created the world's first cancer vaccine.,1,cancer,0,MFCC,https://mfcc.mn/factcheck-1258/
Чихрийн шижин өвчний эсрэг вакциныг албан ёсоор нэвтрүүллээ гэх агуулга бүхий мэдээллийг түгээжээ.,News spread that a diabetes vaccine has been officially introduced.,1,general,0,MFCC,https://mfcc.mn/blog-post-251-html/
Вакцинд үр хөврөлийн эд агуулагддаггүй; зарим вакцины вирусийг өсгөхөд үр хөврөлийн эсийг ашигладаг ч вакцин өөрөө тэдгээр эсийг агуулдаггүй.,"Vaccines do not contain fetal tissue; although fetal cells are used to grow some vaccine viruses, the vaccines themselves do not contain those cells.",0,general,0,Cook County Public Health,https://cookcountypublichealth.org/communicable-diseases/immunization-resources/measles-myths-vs-facts/
CNN Монгол Улсыг хятад вакцины туршилтад ороод сүйрч байна гэж мэдээлсэн,CNN reported that Mongolia is collapsing after entering a Chinese vaccine trial.,1,COVID,1,FactCheck.mn,https://factcheck.mn/post/4669
Л.Энхсайхан: Вакцин хийлгэсэн бол ойрын хугацаанд жирэмсэн болохоос аль болох хамгаалах хэрэгтэй,"L. Enkhsaikhan: if you have been vaccinated, protect yourself as much as possible against becoming pregnant in the near future.",1,COVID,1,FactCheck.mn,https://factcheck.mn/post/4211
"КОВИД-19-ийн вакцин аюулгүй, үр дүнтэй бөгөөд хүнд өвчлөл, эмнэлэгт хэвтэх, нас барах эрсдэлийг эрс бууруулдаг.","COVID-19 vaccines are safe and effective and greatly reduce the risk of severe illness, hospitalisation and death.",0,COVID,1,US CDC,https://www.cdc.gov/covid/vaccines/how-they-work.html
КОВИД-19-ийн вакцинд амьд вирус агуулагддаггүй тул танд КОВИД-19-өөр өвчлүүлж чадахгүй.,COVID-19 vaccines contain no live virus and cannot give you COVID-19.,0,COVID,1,US CDC,https://www.cdc.gov/covid/vaccines/how-they-work.html
мРНХ-ийн КОВИД-19 вакцин эсийн цөмд ордоггүй бөгөөд таны ДНХ-г өөрчилдөг нь батлагдаагүй.,mRNA COVID-19 vaccines do not enter the cell nucleus and have not been shown to alter your DNA.,0,COVID,1,FactCheck.org (SciCheck),https://www.factcheck.org/misconceptions/vaccination/
"КОВИД-19-ийн вакцинууд зөвшөөрөгдөхөөсөө өмнө өргөн хэмжээний эмнэлзүйн туршилт, аюулгүй байдлын хатуу хяналтыг давсан.",COVID-19 vaccines went through large-scale clinical trials and rigorous safety review before authorisation.,0,COVID,1,US CDC,https://www.cdc.gov/covid/vaccines/how-they-work.html
"мРНХ-ийн вакцины технологийг КОВИД-19-өөс өмнө томуу, Зика, галзуу зэрэг өвчний эсрэг олон жил судалж байсан.","mRNA vaccine technology had been studied for years before COVID-19, including for flu, Zika and rabies.",0,COVID,1,US CDC,https://www.cdc.gov/covid/vaccines/how-they-work.html
КОВИД-19-ийн вакцины ноцтой гаж нөлөө ховор бөгөөд вакцины аюулгүй байдлыг тасралтгүй хянадаг.,"Serious side effects from COVID-19 vaccines are rare, and vaccine safety is continuously monitored.",0,COVID,1,US CDC,https://www.cdc.gov/covid/vaccines/how-they-work.html
ХПВ-ийн вакцин умайн хүзүүний хорт хавдрын ихэнх тохиолдлоос сэргийлж чадна.,HPV vaccination can prevent most cases of cervical cancer.,0,HPV,0,World Health Organization,https://www.who.int/teams/immunization-vaccines-and-biologicals/diseases/human-papillomavirus-vaccines-(HPV)
"ХПВ-ийн вакцин нь дэлхий даяар умайн хүзүүний хорт хавдрын ойролцоогоор 70%-ийг үүсгэдэг ХПВ-ийн 16, 18-р төрлийн эсрэг өндөр үр дүнтэй.","HPV vaccines are highly effective against HPV types 16 and 18, which cause about 70% of cervical cancers worldwide.",0,HPV,0,World Health Organization,https://www.who.int/teams/immunization-vaccines-and-biologicals/diseases/human-papillomavirus-vaccines-(HPV)
Английд ХПВ-ийн вакцин хийлгэсэн эмэгтэйчүүдийн умайн хүзүүний хорт хавдрын түвшин вакцин хийлгээгүй эмэгтэйчүүдтэй харьцуулахад ойролцоогоор 84%-иар бага байсан.,"In England, women who received the HPV vaccine had roughly an 84% lower rate of cervical cancer than unvaccinated women.",0,HPV,0,Systematic review (PMC),https://www.ncbi.nlm.nih.gov/pmc/articles/PMC11281456/
"ХПВ-ийн вакцин нь бэлэг эрхтний үүд, түүнчлэн шулуун гэдэс, залгиур зэрэг ХПВ-тэй холбоотой бусад хорт хавдрыг мөн бууруулдаг.","The HPV vaccine also reduces genital warts and other HPV-related cancers, such as anal and oropharyngeal cancer.",0,HPV,0,US National Cancer Institute,https://www.cancer.gov/about-cancer/causes-prevention/risk/infectious-agents/hpv-vaccine-fact-sheet
"MMR (улаанбурхан, гахайн хавдар, улаанууд)-ын вакцины хоёр тун улаанбурхнаас сэргийлэхэд ойролцоогоор 97% үр дүнтэй.",Two doses of the MMR vaccine are about 97% effective at preventing measles.,0,measles,0,US CDC,https://www.cdc.gov/measles/about/index.html
MMR вакцин аутизм үүсгэдэггүй бөгөөд үүнийг олон арван жилийн судалгаагаар баталсан.,The MMR vaccine does not cause autism; this has been confirmed by decades of research.,0,measles,0,World Health Organization,https://www.who.int/news/item/11-12-2025-who-expert-group-s-new-analysis-reaffirms-there-is-no-link-between-vaccines-and-autism
Ихэнх хүнд MMR вакцин улаанбурхнаас насан туршийн хамгаалалт олгодог.,"For most people, the MMR vaccine provides lifelong protection against measles.",0,measles,0,IDSA,https://www.idsociety.org/ID-topics/infectious-disease/measles/know-the-facts
"Улаанбурхан бол хамгийн халдвартай өвчнүүдийн нэг бөгөөд халдварт өртсөн, дархлаагүй 10 хүн тутмын ойролцоогоор 9 нь халдвар авдаг.",Measles is one of the most contagious diseases: about 9 out of 10 unprotected people who are exposed will be infected.,0,measles,0,IDSA,https://www.idsociety.org/ID-topics/infectious-disease/measles/know-the-facts
"Гепатит В-ийн вакцин нь гепатит В-ийн халдвар болон түүний хүндрэл, тэр дундаа элэгний хорт хавдраас сэргийлэх хамгийн сайн арга юм.","Hepatitis B vaccination is the best way to prevent hepatitis B infection and its complications, including liver cancer.",0,hepatitis_B,0,NFID,https://www.nfid.org/immunization/vaccines-and-liver-disease/
Бүх насанд хүрэгчид гепатит В-ийн шинжилгээг дор хаяж нэг удаа өгөх ёстой бөгөөд 19-59 насны хүмүүст гепатит В-ийн вакцин хийлгэхийг зөвлөдөг.,"All adults should be tested for hepatitis B at least once, and hepatitis B vaccination is recommended for adults aged 19 to 59.",0,hepatitis_B,0,NFID,https://www.nfid.org/immunization/vaccines-and-liver-disease/
Томуугийн вакцин танд томуу тусгаж чадахгүй; тарьдаг томуугийн вакцин идэвхгүйжүүлсэн вирус эсвэл вирусийн ганц уураг ашигладаг.,The flu vaccine cannot give you the flu; injectable flu vaccines use an inactivated virus or a single viral protein.,0,influenza,0,US CDC,https://www.cdc.gov/flu/prevention/misconceptions.html
"Жил бүр томуугийн вакцин хийлгэх нь томуугаар өвдөх, эмнэлэгт хэвтэх, нас барах эрсдэлийг бууруулдаг.","Getting a flu vaccine every year lowers the risk of flu illness, hospitalisation and death.",0,influenza,0,US CDC,https://www.cdc.gov/flu/prevention/misconceptions.html
Вакцин хийлгэсэн хүн томуугаар өвдсөн ч томуугийн вакцин өвчнийг хөнгөвчилж чаддаг.,"Even when a vaccinated person still catches the flu, the flu vaccine can make the illness milder.",0,influenza,0,US CDC,https://www.cdc.gov/flu/prevention/misconceptions.html
"Сахуу-татран-хөхүүл ханиадны (DTP) вакцин хүүхдийг сахуу, татран, хөхүүл ханиад (коклюш)-аас хамгаалдаг.","The DTP vaccine protects children against diphtheria, tetanus and whooping cough (pertussis).",0,childhood,0,PAHO/WHO,https://www.paho.org/en/topics/immunization/debunking-immunization-myths
Нярайд сахуу-татран-хөхүүл ханиадны эхний вакциныг эхээсээ авсан эсрэгбиеийн хамгаалалт нь буурах үед ойролцоогоор хийдэг.,Babies are given the first diphtheria-tetanus-pertussis vaccine around the time the antibody protection from their mother fades.,0,childhood,0,PAHO/WHO,https://www.paho.org/en/topics/immunization/debunking-immunization-myths
"Полиомиелитийн вакцинжуулалт хоёроос бусад бүх оронд зэрлэг полиовирусыг зогсоож, 1988 оноос хойш ойролцоогоор 20 сая саажилтын тохиолдлоос сэргийлсэн.",Polio vaccination has stopped wild poliovirus in all but two countries and has prevented an estimated 20 million cases of paralysis since 1988.,0,childhood,0,US CDC,https://www.cdc.gov/global-polio-vaccination/about/index.html
"Олон арван жилийн судалгаа, олон зуун судалгаа вакцин ба аутизмын хооронд ямар ч холбоо байхгүйг харуулсан.",Decades of research and hundreds of studies show no link between vaccines and autism.,0,general,0,World Health Organization,https://www.who.int/news/item/11-12-2025-who-expert-group-s-new-analysis-reaffirms-there-is-no-link-between-vaccines-and-autism
Вакцинжуулалтаар олж авсан дархлаа нь өвчнөөр өвдөж олж авсан дархлаанаас илүү аюулгүй.,Immunity gained from vaccination is safer than immunity gained by catching the disease itself.,0,general,0,PAHO/WHO,https://www.paho.org/en/topics/immunization/debunking-immunization-myths
"Вакцины найрлага дахь бодисууд зөвхөн бага хэмжээгээр агуулагддаг бөгөөд аюулгүй, сайтар шалгагдсан байдаг.",Vaccine ingredients are present only in tiny amounts that are safe and have been thoroughly tested.,0,general,0,Cook County Public Health,https://cookcountypublichealth.org/communicable-diseases/immunization-resources/measles-myths-vs-facts/
"Вакцины ихэнх гаж нөлөө хөнгөн, түр зуурынх байдаг бөгөөд ноцтой гаж нөлөө маш ховор тохиолддог.","Most vaccine side effects are mild and temporary, and serious side effects are very rare.",0,general,0,US CDC,https://www.cdc.gov/covid/vaccines/how-they-work.html
"Вакцин бол хүнд өвчлөл, нас баралтаас сэргийлэх хамгийн үр дүнтэй, эрсдэл багатай аргуудын нэг юм.",Vaccines are among the most effective and lowest-risk ways to prevent serious disease and death.,0,general,0,PAHO/WHO,https://www.paho.org/en/topics/immunization/debunking-immunization-myths
"Вакцинжуулалтын түвшин буурвал вакцинаар сэргийлж болох өвчнүүд эргэн ирж, дэгдэлт үүсгэж болзошгүй.","If vaccination rates fall, vaccine-preventable diseases can return and cause outbreaks.",0,general,0,PAHO/WHO,https://www.paho.org/en/topics/immunization/debunking-immunization-myths
"Эрүүл хооллолт, витамин, нэмэлт тэжээл нь вакцины олгодог хамгаалалтыг орлож чадахгүй.","A healthy diet, vitamins or supplements cannot replace the protection that vaccines provide.",0,general,0,PAHO/WHO,https://www.paho.org/en/topics/immunization/debunking-immunization-myths
В.кцин бол хор юм.,The vaccine is poison.,1,COVID,1,FactCheck.mn,https://factcheck.mn/post/6441
В гепатитын эсрэг вакцин хийлгэснээр тухайн хүнийг В вирусын гаралтай элэгний өвчлөл болон хавдраас урьдчилан сэргийлэх боломжтой.,Getting the hepatitis B vaccine can prevent hepatitis B virus-related liver disease and cancer in a person.,0,hepatitis_B,0,itoim.mn,https://itoim.mn/article/WfIuP/21759
1991 оноос өмнө төрсөн хүмүүс В гепатитын эсрэг товлолын вакцинд хамрагдаагүй тул сайн дураараа энэ вакциныг хийлгэх хэрэгтэй.,"People born before 1991 were not covered by the scheduled hepatitis B vaccine, so they should get this vaccine voluntarily.",0,hepatitis_B,0,itoim.mn,https://itoim.mn/article/WfIuP/21759
"В гепатитын вакциныг хийлгэхийн өмнө В вирустэй эсэхээ шинжлүүлж, вирусгүй хүнд вакциныг хийдэг.","Before giving the hepatitis B vaccine, a person is tested for the B virus, and the vaccine is given to those without the virus.",0,hepatitis_B,0,itoim.mn,https://itoim.mn/article/WfIuP/21759
Монгол Улсад 0-15 хүртэлх насны хүүхдэд 12 халдварт өвчний эсрэг 8 төрлийн вакциныг товлолоор үнэ төлбөргүй хийдэг.,"In Mongolia, 8 types of vaccines against 12 infectious diseases are given free of charge on schedule to children aged 0-15.",0,childhood,0,itoim.mn,https://itoim.mn/article/WfIuP/21759
Монгол Улсад 0-5 насны хүүхдийн 95-аас дээш хувийг товлолын дархлаажуулалтад хамруулснаар тарилгатай халдварт өвчний томоохон дэгдэлтээс сэргийлж байна.,"In Mongolia, covering over 95% of children aged 0-5 with scheduled immunisation prevents major outbreaks of vaccine-preventable infectious diseases.",0,childhood,0,itoim.mn,https://itoim.mn/article/WfIuP/21759
"Хүний папиллома вирусийн халдварын эсрэг вакциныг товлолын дархлаажуулалтын хөтөлбөрт оруулж, 2024 оноос эхлэн 11 настай охид, хөвгүүдийг үнэ төлбөргүй дархлаажуулахаар болсон.","The HPV vaccine has been added to the scheduled immunisation programme, and from 2024 girls and boys aged 11 will be immunised free of charge.",0,HPV,0,itoim.mn,https://www.itoim.mn/a/2024/08/20/society/idz
"2011-2012 онуудад ХПВ вакциныг нэвтрүүлэх үед хуурамч, нотлогдоогүй мэдээлэл тарааснаас иргэдийг вакцинжуулах ажил зогсож байсан.","In 2011-2012, when the HPV vaccine was being introduced, the spread of false, unproven information halted the vaccination effort.",1,HPV,0,itoim.mn,https://www.itoim.mn/a/2024/08/20/society/idz
"Томуугийн вакциныг 6-59 сартай хүүхэд, 60-аас дээш настай хүмүүс, архаг суурь өвчтэй насанд хүрэгчид, жирэмсэн эмэгтэйчүүд, эрүүл мэндийн ажилтнууд болон өндөр эрсдэлт бүлгийн ажилчдад хийхийг зөвлөдөг.","The flu vaccine is recommended for children aged 6-59 months, people over 60, adults with chronic underlying conditions, pregnant women, health workers and high-risk group workers.",0,influenza,0,itoim.mn,https://itoim.mn/article/326fs/14377
"Томуугийн эсрэг вакцин хийлгэсний дараа улайх, хавдах, халуурах, толгой өвдөх, ядарч сульдах зэрэг хариу урвал илэрч болох бөгөөд маш ховор тохиолдолд саажилт, мэдрэлийн үрэвсэл илэрч болно.","After the flu vaccine, reactions such as redness, swelling, fever, headache and fatigue may appear, and in very rare cases paralysis or nerve inflammation may occur.",0,influenza,0,itoim.mn,https://itoim.mn/article/6mS4l/14267
"Pfizer/BioNTech-ийн BNT162b2 вакцины клиник туршилтад хүний биед ноцтой аюултай гаж нөлөө илрээгүй бөгөөд түгээмэл гаж нөлөө нь тариулсан хэсэгт зовуурлах, халуурах, толгой өвдөх зэрэг богино хугацааны шинж тэмдэг байсан.","In clinical trials of Pfizer/BioNTech's BNT162b2 vaccine, no serious dangerous side effects appeared in the human body, and common side effects were short-term symptoms such as injection-site soreness, fever and headache.",1,COVID,1,itoim.mn,https://itoim.mn/article/klvn7/24880
"АНУ-ын Хүнс, эмийн хяналтын газрын мэргэжилтнүүд BNT162b2 вакцины аюулгүй байдлын нэмэлт судалгаанууд хийгдэх хүртэл 16 ба түүнээс доош насны хүүхэд, жирэмсэн эмэгтэй, ХДХВ-ийн халдвартай болон өмнө нь COVID-19 туссан иргэдийг дархлаажуулалтад хамруулахгүй байхыг зөвлөсөн.","US FDA experts recommended not immunising children aged 16 and under, pregnant women, people with HIV and those who previously had COVID-19 until additional safety studies of the BNT162b2 vaccine were conducted.",0,COVID,1,itoim.mn,https://itoim.mn/article/klvn7/24880
Уг вакциныг зорилтот бүлгийн хүн амдаа зориулан дархлаажуулалтыг хийнэ.,The vaccine will be administered as immunisation for the target population group.,0,influenza,0,itoim.mn,https://itoim.mn/article/rFwn8/23447
Энэ жилийн вакциныг есдүгээр сарын сүүлээр эхлүүлэх төлөвлөгөөтэй байгааг ЭМЯ-ны холбогдох албаныхан хэллээ.,Ministry of Health officials said this year's vaccine is planned to start in late September.,0,influenza,0,itoim.mn,https://itoim.mn/article/rFwn8/23447
Улаанбаатар хотын хэмжээнд өнөөдрөөс эхлэн 65-аас дээш насны иргэдийг “Sputnik-V” вакцинд хамруулж байна.,"From today, residents over 65 in Ulaanbaatar are being given the Sputnik-V vaccine.",0,COVID,1,itoim.mn,https://itoim.mn/article/mB0d0/27472
Нийслэлийн 9 дүүргийн 11 байршилд “Sputnik-V” вакцин хийх цэгүүдийг ажиллуулж байна.,Sputnik-V vaccination points are operating at 11 locations across the capital's 9 districts.,0,COVID,1,itoim.mn,https://itoim.mn/article/mB0d0/27472
Монгол Улсын Засгийн газар БНХАУ-ын Синофарм компанитай хийсэн гэрээний дагуу өнөөдөр ээлжит 334.400 тун Вероселл вакцин хүлээн авна.,"Under an agreement with China's Sinopharm, the Mongolian government will receive another 334,400 doses of Vero Cell vaccine today.",0,COVID,1,itoim.mn,https://itoim.mn/article/qQrIr/27307
COVAX хөтөлбөрийн хүрээнд Монгол Улс нэгдүгээр улиралд 188 мянган тун вакцин хүлээн авахаар төлөвлөж байна.,"Under the COVAX programme, Mongolia plans to receive 188,000 doses of vaccine in the first quarter.",0,COVID,1,itoim.mn,https://itoim.mn/article/qJ0ty/25782
Вакциныг сайн дурын үндсэн дээр хийнэ. Гэхдээ вакциныг заавал хийлгэх хэрэгтэй гэж зөвлөж байна.,"The vaccine will be given on a voluntary basis. However, it is recommended to get vaccinated.",0,COVID,1,itoim.mn,https://itoim.mn/article/nMbce/26444
Учир нь вакцин нь таныг коронавирусээр өвдөхөөс хамгаална.,Because the vaccine protects you from getting coronavirus.,0,COVID,1,itoim.mn,https://itoim.mn/article/nMbce/26444
Япон Улсын Засгийн газрын буцалтгүй тусламжаар Монгол Улсад 1.3 сая хүнд шаардлагатай вакцин нийлүүлэхээр болсон.,"Through a grant from the Japanese government, vaccine needed for 1.3 million people will be supplied to Mongolia.",0,COVID,1,itoim.mn,https://itoim.mn/article/eKO7R/26338
Энэхүү буцалтгүй тусламжид вакцины “хүйтэн хэлхээ”-г бүрдүүлэх тоног төхөөрөмж багтаж байгаа.,This grant includes equipment to establish the vaccine 'cold chain'.,0,COVID,1,itoim.mn,https://itoim.mn/article/eKO7R/26338
"АНУ-ын Өвчний хяналт, урьдчилан сэргийлэх төвийн эрдэмтэд ""COVID-19""-ийн эсрэг вакцинд хамрагдсан дархлаатай эхээс төрсөн хүүхэд коронавирусээр хүндээр өвчлөхөөс сэргийлдэг гэх судалгааг танилцууллаа.",Scientists from the US CDC presented a study showing that children born to mothers vaccinated against COVID-19 are protected from severe coronavirus illness.,0,COVID,1,iToim.mn,https://itoim.mn/article/JQQv6/31833
Нэг өвчтөн улаанбурхан вакцингүй орчинд эргэн тойрныхоо 90 хувь хүртэлх хүнийг халдварлуулж чадах хэмжээний хор хөнөөлтэй мөн хоёр тун вакцин 90 хувиас дээш хамгаалалт үзүүлдэг,"One measles patient can infect up to 90% of unvaccinated people around them, and two doses of the vaccine provide over 90% protection.",0,measles,0,iToim.mn,https://itoim.mn/a/2025/07/31/world/ddm
"Дэлхий даяарх хүүхдүүдийн вакцинд хамрагдах түвшин зогсонги байдалд орж, бүр буурч эхэлснээр сая сая хүүхэд үхлийн аюултай өвчнөөр өвчлөх эрсдэлтэй болсон тухай томоохон судалгаа харуулжээ.","A major study showed that childhood vaccination rates worldwide have stagnated and even begun to decline, putting millions of children at risk of deadly diseases.",0,childhood,0,iToim.mn,https://itoim.mn/a/2025/06/25/world/fpm
Харамсалтай нь эндэгдэл бүртгэгдсэн тохиолдлуудын дийлэнх нь вакцины насанд хүрээгүй буюу улаанбурханы дархлаажуулалтад хамрагдаж амжаагүй хүүхдүүд байна.,"Unfortunately, the majority of recorded deaths were children below vaccination age or who had not yet received the measles immunisation.",0,measles,0,iToim.mn,https://itoim.mn/a/2025/06/23/healthy-mongolia/jqi
улаанбурхан өвчний вакциныг есөн сартайд нь мөн хоёр настайд нь хийдэг. Вакцины дархлаажуулалт ойролцоогоор 15 жилийн хугацаанд тухайн өвчнөөс хамгаалж байдаг.,The measles vaccine is given at nine months and again at two years of age. The vaccine's immunity protects against the disease for approximately 15 years.,0,measles,0,iToim.mn,https://itoim.mn/a/2025/03/12/healthy-mongolia/pfl
"Ковид-19-ийн эсрэг вакциныг халдвараас урьдчилан сэргийлэх гар угаах, амны хаалт зүүх, бусдаас зай барих зэрэг дэглэмтэй хослуулан хэрэглэвэл цар тахлыг ялах маш чухал зэвсэг болж чадна хэмээн ДЭМБ-ын Монгол Улс дахь Суурин төлөөлөгч Др Сергей Диордица хэллээ","WHO Representative in Mongolia Dr Sergey Diorditsa said that when combined with preventive measures such as handwashing, mask-wearing and physical distancing, the COVID-19 vaccine can be an important weapon to overcome the pandemic.",0,COVID,1,Official (WHO/NHS/Aus Health/ikon),https://mongolia.un.org/mn/116082
"Pfizer, Moderna вакцинуудын messenger mRNA дээр суурилсан зургаадугаар шатны туршилтуудын дүнгээс харвал 95 хувийн үр дүнтэй гэсэн судалгааны бүтээл гарсан",Research showed that phase 3 trials of the mRNA-based Pfizer and Moderna vaccines found them to be 95% effective.,0,COVID,1,Official (WHO/NHS/Aus Health/ikon),https://ikon.mn/opinion/24xn
"Вакцин нь танд Коронавирус халдаахгүй, гэхдээ танд ямарваа нэгэн зовиур илэрч болно. Та тарилга хийлгэсэнээс 1-2 хоног бага зэрэг сульдсан, ханиад хүрсэн мэт санагдаж болох нь ердийн үзэгдэл. Энэ бол вакцин таны биеийг коронавирустай тэмцэхийг зааж байгаа гэсэн үг юм","The vaccine will not give you coronavirus, but you may experience some discomfort. Feeling slightly weak or like you have a cold for 1-2 days after the injection is normal. This means the vaccine is teaching your body to fight coronavirus.",0,COVID,1,Official (WHO/NHS/Aus Health/ikon),https://notts.icb.nhs.uk/wp-content/uploads/2021/03/NCC-Vaccine-Easy-Read-Mongolian-V2.pdf
COVID-19 вакцин нь хүүхдийг COVID-19 халдвар авч ноцтой байдал үүсэхээс урьдчилан сэргийлнэ,The COVID-19 vaccine prevents children from getting COVID-19 infection and developing serious illness.,0,COVID,1,Official (WHO/NHS/Aus Health/ikon),https://www.health.gov.au/sites/default/files/documents/2022/09/6-5-moderna-covid-19_4.pdf
Moderna COVID-19 вакцин нь COVID-19-р өвчлүүлэх аливаа амьд вирус агуулдаггүй.,The Moderna COVID-19 vaccine contains no live virus that could cause COVID-19.,0,COVID,1,Official (WHO/NHS/Aus Health/ikon),https://www.health.gov.au/sites/default/files/documents/2022/09/6-5-moderna-covid-19_4.pdf
Moderna COVID-19 вакцины эмнэл зүйн туршилтаар уг вакцин нь Хүүхдэд Омикрон хувилбарын эсрэг тодорхой хэмжээний хамгаалалт үүсгэж байгаа нь батлагдсан.,Clinical trials of the Moderna COVID-19 vaccine confirmed that it provides a certain level of protection against the Omicron variant in children.,0,COVID,1,Official (WHO/NHS/Aus Health/ikon),https://www.health.gov.au/sites/default/files/documents/2022/09/6-5-moderna-covid-19_4.pdf
Эмнэл зүйн туршилтын үеэр вакцин хийлгэсэн хүүхдүүд COVID-19 халдвар авах магадлал вакцин хийлгээгүй хүүхдүүдээс 35%-52%-р бага байсан байна.,"During clinical trials, vaccinated children were 35%-52% less likely to catch COVID-19 than unvaccinated children.",0,COVID,1,Official (WHO/NHS/Aus Health/ikon),https://www.health.gov.au/sites/default/files/documents/2022/09/6-5-moderna-covid-19_4.pdf
"Вакцин хийлгэсний дараа ч таны хүүхэд COVID-19-ийн халдвар авах магадлалтай. Гэвч баримтаас харахад вакцин хийлгэсэн хүмүүс COVID-19-ийн улмаас хүндээр өвчлөх, эсвэл эмнэлэгт хэвтэх шаардлагагүй байна.","Even after vaccination your child may still catch COVID-19. However, evidence shows that vaccinated people do not become severely ill or need hospitalisation due to COVID-19.",0,COVID,1,Official (WHO/NHS/Aus Health/ikon),https://www.health.gov.au/sites/default/files/documents/2022/09/6-5-moderna-covid-19_4.pdf
"ДЭМБ-аас зөвшөөрөгдсөн КОВИД-19-ийн эсрэг вакцинууд нь аюулгүй бөгөөд халдварын улмаас хүндээр өвдөх, нас барахаас хамгаалах өндөр үр дүнтэй болох нь батлагдсан",WHO-approved COVID-19 vaccines have been proven to be safe and highly effective at protecting against severe illness and death from infection.,0,COVID,1,UNICEF Mongolia,https://www.unicef.org/mongolia/mn/story/covid-19-and-holidays-how-reduce-your-risk
Ямар ч вакцин 100 хувь хамгаалахгүй тул вакцин хийлгэсэн ч өөрийгөө болон бусдыг хамгаалахын тулд урьдчилан сэргийлэх арга хэмжээг үргэлжлүүлэн мөрдөх нь чухал юм,"No vaccine is 100% protective, so even after vaccination it is important to continue following preventive measures to protect yourself and others.",0,COVID,1,UNICEF Mongolia,https://www.unicef.org/mongolia/mn/story/covid-19-and-holidays-how-reduce-your-risk
"Хүн амын вакцинд хамрагдсан хувь өндөр байх тусам халдвар авах, тараах хүмүүсийн тоо багасдаг.","The higher the proportion of the population vaccinated, the fewer people catch and spread infection.",0,COVID,1,UNICEF Mongolia,https://covid.fnol.cz/uploads/composer/n6ur31tkwk-informace%20pro%20ockovani_preklady_MN_kor.pdf
КОВИД-19-ийн вакцин нь халдварын тархалтыг хумихад чухал үүрэгтэй.,The COVID-19 vaccine plays an important role in curbing the spread of infection.,0,COVID,1,UNICEF Mongolia,https://covid.fnol.cz/uploads/composer/n6ur31tkwk-informace%20pro%20ockovani_preklady_MN_kor.pdf
COVID-19 вакцин нь дархлааны эсүүдийг халдварын эсрэг хариу урвалд бэлтгэдэг.,The COVID-19 vaccine prepares immune cells to respond against infection.,0,COVID,1,CDC,https://www.cdc.gov/covid/vaccines/how-they-work.html
COVID-19-ийн вакцин нь хүнд хэлбэрийн өвчлөлийг бууруулахад тусалдаг.,The COVID-19 vaccine helps reduce severe illness.,0,COVID,1,WHO Mongolia,https://www.who.int/news-room/feature-stories/detail/side-effects-of-covid-19-vaccines
